Round,Turn,Entity,Jeff cash,Matthew cash,Michael cash,Jeff net,Matthew net,Michael net,Baltimore & Ohio cash,Boston & Maine cash,Chesapeake & Ohio cash,Illinois Central cash,Erie cash,New York Central cash,Nickel Plate cash,New York New Haven & Hartford cash,Pennsylvania cash,Wabash cash,Norfolk & Western cash,Baltimore & Ohio np,Boston & Maine np,Chesapeake & Ohio np,Illinois Central np,Erie np,New York Central np,Nickel Plate np,New York New Haven & Hartford np,Pennsylvania np,Wabash np,Norfolk & Western np,Baltimore & Ohio val,Boston & Maine val,Chesapeake & Ohio val,Illinois Central val,Erie val,New York Central val,Nickel Plate val,New York New Haven & Hartford val,Pennsylvania val,Wabash val,Norfolk & Western val,Baltimore & Ohio pps,Boston & Maine pps,Chesapeake & Ohio pps,Illinois Central pps,Erie pps,New York Central pps,Nickel Plate pps,New York New Haven & Hartford pps,Pennsylvania pps,Wabash pps,Norfolk & Western pps,Baltimore & Ohio sh,Boston & Maine sh,Chesapeake & Ohio sh,Illinois Central sh,Erie sh,New York Central sh,Nickel Plate sh,New York New Haven & Hartford sh,Pennsylvania sh,Wabash sh,Norfolk & Western sh,Baltimore & Ohio or,Boston & Maine or,Chesapeake & Ohio or,Illinois Central or,Erie or,New York Central or,Nickel Plate or,New York New Haven & Hartford or,Pennsylvania or,Wabash or,Norfolk & Western or,Train 
1,0,Michael,500,500,5,500,500,500,495,0,0,0,0,0,0,0,0,0,0,0,0,0,0,0,0,0,0,0,0,0,55,34,34,34,34,34,34,34,34,34,34,0,0,0,0,0,0,0,0,0,0,0,1,10,10,10,10,10,10,10,10,10,10,0,0,0,0,0,0,0,0,0,0,0,1
1,1,Jeff,5,500,5,500,500,500,495,495,0,0,0,0,0,0,0,0,0,0,0,0,0,0,0,0,0,0,0,0,55,55,34,34,34,34,34,34,34,34,34,0,0,0,0,0,0,0,0,0,0,0,1,1,10,10,10,10,10,10,10,10,10,0,0,0,0,0,0,0,0,0,0,0,1
1,2,Matthew,5,445,5,500,500,500,550,495,0,0,0,0,0,0,0,0,0,0,0,0,0,0,0,0,0,0,0,0,55,55,34,34,34,34,34,34,34,34,34,0,0,0,0,0,0,0,0,0,0,0,0,1,10,10,10,10,10,10,10,10,10,0,0,0,0,0,0,0,0,0,0,0,1
1,0,Michael,5,445,5,500,500,500,550,495,0,0,0,0,0,0,0,0,0,0,0,0,0,0,0,0,0,0,0,0,55,55,34,34,34,34,34,34,34,34,34,0,0,0,0,0,0,0,0,0,0,0,0,1,10,10,10,10,10,10,10,10,10,0,0,0,0,0,0,0,0,0,0,0,1
1,1,Jeff,5,445,5,500,500,500,550,495,0,0,0,0,0,0,0,0,0,0,0,0,0,0,0,0,0,0,0,0,55,55,34,34,34,34,34,34,34,34,34,0,0,0,0,0,0,0,0,0,0,0,0,1,10,10,10,10,10,10,10,10,10,0,0,0,0,0,0,0,0,0,0,0,1
1,2,Matthew,5,49,5,500,500,500,550,495,0,0,0,0,0,0,396,0,0,0,0,0,0,0,0,0,0,0,0,0,55,55,34,34,34,34,34,34,66,34,34,0,0,0,0,0,0,0,0,0,0,0,0,1,10,10,10,10,10,10,4,10,10,0,0,0,0,0,0,0,0,0,0,0,1
1,0,Michael,5,49,5,500,500,500,550,495,0,0,0,0,0,0,396,0,0,0,0,0,0,0,0,0,0,0,0,0,55,55,34,34,34,34,34,34,66,34,34,0,0,0,0,0,0,0,0,0,0,0,0,1,10,10,10,10,10,10,4,10,10,0,0,0,0,0,0,0,0,0,0,0,1
1,1,Jeff,5,49,5,500,500,500,550,495,0,0,0,0,0,0,396,0,0,0,0,0,0,0,0,0,0,0,0,0,55,55,34,34,34,34,34,34,66,34,34,0,0,0,0,0,0,0,0,0,0,0,0,1,10,10,10,10,10,10,4,10,10,0,0,0,0,0,0,0,0,0,0,0,1
1,2,Matthew,5,49,5,500,500,500,550,495,0,0,0,0,0,0,396,0,0,0,0,0,0,0,0,0,0,0,0,0,55,55,34,34,34,34,34,34,66,34,34,0,0,0,0,0,0,0,0,0,0,0,0,1,10,10,10,10,10,10,4,10,10,0,0,0,0,0,0,0,0,0,0,0,1
2,0,Pennsylvania,5,61,5,500,560,500,550,495,0,0,0,0,0,0,284,0,0,0,0,0,0,0,0,0,0,20,0,0,55,55,34,34,34,34,34,34,74,34,34,0,0,0,0,0,0,0,0,10,0,0,0,1,10,10,10,10,10,10,4,10,10,0,0,0,0,0,0,0,0,0,0,0,2
2,1,Baltimore & Ohio,5,62,14,500,566,554,435,495,0,0,0,0,0,0,284,0,0,10,0,0,0,0,0,0,0,20,0,0,60,55,34,34,34,34,34,34,74,34,34,6,0,0,0,0,0,0,0,10,0,0,0,1,10,10,10,10,10,10,4,10,10,0,0,0,0,0,0,0,0,0,0,0,3
2,2,Boston & Maine,14,62,14,554,566,554,435,386,0,0,0,0,0,0,284,0,0,10,10,0,0,0,0,0,0,20,0,0,60,60,34,34,34,34,34,34,74,34,34,6,6,0,0,0,0,0,0,10,0,0,0,1,10,10,10,10,10,10,4,10,10,0,0,0,0,0,0,0,0,0,0,0,4
3,0,Pennsylvania,14,74,14,554,578,554,435,386,0,0,0,0,0,0,272,0,0,10,10,0,0,0,0,0,0,20,0,0,60,60,34,34,34,34,34,34,74,34,34,0,0,0,0,0,0,0,0,2,0,0,0,1,10,10,10,10,10,10,4,10,10,0,0,0,0,0,0,0,0,0,0,0,4
3,1,Baltimore & Ohio,14,76,32,554,586,626,415,386,0,0,0,0,0,0,272,0,0,20,10,0,0,0,0,0,0,20,0,0,66,60,34,34,34,34,34,34,74,34,34,8,0,0,0,0,0,0,0,2,0,0,0,1,10,10,10,10,10,10,4,10,10,0,0,0,0,0,0,0,0,0,0,0,4
3,2,Boston & Maine,32,76,32,626,586,626,415,358,0,0,0,0,0,0,272,0,0,20,20,0,0,0,0,0,0,20,0,0,66,66,34,34,34,34,34,34,74,34,34,8,8,0,0,0,0,0,0,2,0,0,0,1,10,10,10,10,10,10,4,10,10,0,0,0,0,0,0,0,0,0,0,0,4
1,0,Jeff,32,76,32,626,586,626,415,358,0,0,0,0,0,0,272,0,0,20,20,0,0,0,0,0,0,20,0,0,66,66,34,34,34,34,34,34,74,34,34,0,0,0,0,0,0,0,0,0,0,0,0,1,10,10,10,10,10,10,4,10,10,0,0,0,0,0,0,0,0,0,0,0,4
1,1,Michael,32,76,32,626,586,626,415,358,0,0,0,0,0,0,272,0,0,20,20,0,0,0,0,0,0,20,0,0,66,66,34,34,34,34,34,34,74,34,34,0,0,0,0,0,0,0,0,0,0,0,0,1,10,10,10,10,10,10,4,10,10,0,0,0,0,0,0,0,0,0,0,0,4
1,2,Matthew,32,2,32,626,586,626,415,358,0,0,0,0,0,0,346,0,0,20,20,0,0,0,0,0,0,20,0,0,66,66,34,34,34,34,34,34,74,34,34,0,0,0,0,0,0,0,0,0,0,0,0,1,10,10,10,10,10,10,3,10,10,0,0,0,0,0,0,0,0,0,0,0,4
1,0,Jeff,32,2,32,626,586,626,415,358,0,0,0,0,0,0,346,0,0,20,20,0,0,0,0,0,0,20,0,0,66,66,34,34,34,34,34,34,74,34,34,0,0,0,0,0,0,0,0,0,0,0,0,1,10,10,10,10,10,10,3,10,10,0,0,0,0,0,0,0,0,0,0,0,4
1,1,Michael,32,2,32,626,586,626,415,358,0,0,0,0,0,0,346,0,0,20,20,0,0,0,0,0,0,20,0,0,66,66,34,34,34,34,34,34,74,34,34,0,0,0,0,0,0,0,0,0,0,0,0,1,10,10,10,10,10,10,3,10,10,0,0,0,0,0,0,0,0,0,0,0,4
1,2,Matthew,32,2,32,626,586,626,415,358,0,0,0,0,0,0,346,0,0,20,20,0,0,0,0,0,0,20,0,0,66,66,34,34,34,34,34,34,74,34,34,0,0,0,0,0,0,0,0,0,0,0,0,1,10,10,10,10,10,10,3,10,10,0,0,0,0,0,0,0,0,0,0,0,4
2,0,Pennsylvania,32,16,32,626,600,626,415,358,0,0,0,0,0,0,272,0,0,20,20,0,0,0,0,0,0,20,0,0,66,66,34,34,34,34,34,34,74,34,34,0,0,0,0,0,0,0,0,2,0,0,0,1,10,10,10,10,10,10,3,10,10,0,0,0,0,0,0,0,0,0,0,0,4
2,1,Baltimore & Ohio,32,19,59,626,611,725,320,358,0,0,0,0,0,0,272,0,0,30,20,0,0,0,0,0,0,20,0,0,74,66,34,34,34,34,34,34,74,34,34,11,0,0,0,0,0,0,0,2,0,0,0,1,10,10,10,10,10,10,3,10,10,0,0,0,0,0,0,0,0,0,0,0,5
2,2,Boston & Maine,59,19,59,725,611,725,320,241,0,0,0,0,0,0,272,0,0,30,30,0,0,0,0,0,0,20,0,0,74,74,34,34,34,34,34,34,74,34,34,11,11,0,0,0,0,0,0,2,0,0,0,1,10,10,10,10,10,10,3,10,10,0,0,0,0,0,0,0,0,0,0,0,6
3,0,Pennsylvania,59,47,59,725,695,725,320,241,0,0,0,0,0,0,284,0,0,30,30,0,0,0,0,0,0,40,0,0,74,74,34,34,34,34,34,34,82,34,34,0,0,0,0,0,0,0,0,12,0,0,0,1,10,10,10,10,10,10,3,10,10,0,0,0,0,0,0,0,0,0,0,0,6
3,1,Baltimore & Ohio,59,50,86,725,698,752,300,241,0,0,0,0,0,0,284,0,0,30,30,0,0,0,0,0,0,40,0,0,74,74,34,34,34,34,34,34,82,34,34,3,0,0,0,0,0,0,0,12,0,0,0,1,10,10,10,10,10,10,3,10,10,0,0,0,0,0,0,0,0,0,0,0,6
3,2,Boston & Maine,95,50,86,833,698,752,300,245,0,0,0,0,0,0,284,0,0,30,40,0,0,0,0,0,0,40,0,0,74,82,34,34,34,34,34,34,82,34,34,3,12,0,0,0,0,0,0,12,0,0,0,1,10,10,10,10,10,10,3,10,10,0,0,0,0,0,0,0,0,0,0,0,6
1,0,Matthew,95,50,86,833,698,752,300,245,0,0,0,0,0,0,284,0,0,30,40,0,0,0,0,0,0,40,0,0,74,82,34,34,34,34,34,34,82,34,34,0,0,0,0,0,0,0,0,0,0,0,0,1,10,10,10,10,10,10,3,10,10,0,0,0,0,0,0,0,0,0,0,0,6
1,1,Michael,95,50,4,833,698,752,300,245,0,0,0,0,0,0,366,0,0,30,40,0,0,0,0,0,0,40,0,0,74,82,34,34,34,34,34,34,82,34,34,0,0,0,0,0,0,0,0,0,0,0,0,1,10,10,10,10,10,10,2,10,10,0,0,0,0,0,0,0,0,0,0,0,6
1,2,Jeff,95,50,4,833,698,752,300,245,0,0,0,0,0,0,366,0,0,30,40,0,0,0,0,0,0,40,0,0,74,82,34,34,34,34,34,34,82,34,34,0,0,0,0,0,0,0,0,0,0,0,0,1,10,10,10,10,10,10,2,10,10,0,0,0,0,0,0,0,0,0,0,0,6
1,0,Matthew,95,42,4,833,698,680,300,245,0,0,0,0,0,0,448,0,0,30,40,0,0,0,0,0,0,40,0,0,66,82,34,34,34,34,34,34,82,34,34,-8,0,0,0,0,0,0,0,0,0,0,0,1,10,10,10,10,10,10,1,10,10,1,0,0,0,0,0,0,0,0,0,0,6
1,1,Michael,95,42,4,833,698,680,234,245,0,0,0,0,0,0,448,0,0,30,40,0,0,0,0,0,0,40,0,0,66,82,34,34,34,34,34,34,82,34,34,-8,0,0,0,0,0,0,0,0,0,0,1,1,10,10,10,10,10,10,1,10,10,0,0,0,0,0,0,0,0,0,0,0,6
1,2,Jeff,95,42,4,833,698,680,234,245,0,0,0,0,0,0,448,0,0,30,40,0,0,0,0,0,0,40,0,0,66,82,34,34,34,34,34,34,82,34,34,-8,0,0,0,0,0,0,0,0,0,0,1,1,10,10,10,10,10,10,1,10,10,0,0,0,0,0,0,0,0,0,0,0,6
1,0,Matthew,95,42,4,833,698,680,234,245,0,0,0,0,0,0,448,0,0,30,40,0,0,0,0,0,0,40,0,0,66,82,34,34,34,34,34,34,82,34,34,-8,0,0,0,0,0,0,0,0,0,0,1,1,10,10,10,10,10,10,1,10,10,0,0,0,0,0,0,0,0,0,0,0,6
1,1,Michael,95,42,4,833,698,680,234,245,0,0,0,0,0,0,448,0,0,30,40,0,0,0,0,0,0,40,0,0,66,82,34,34,34,34,34,34,82,34,34,-8,0,0,0,0,0,0,0,0,0,0,1,1,10,10,10,10,10,10,1,10,10,0,0,0,0,0,0,0,0,0,0,0,6
1,2,Jeff,13,42,4,833,698,680,234,327,0,0,0,0,0,0,448,0,0,30,40,0,0,0,0,0,0,40,0,0,66,82,34,34,34,34,34,34,82,34,34,-8,0,0,0,0,0,0,0,0,0,0,1,0,10,10,10,10,10,10,1,10,10,0,0,0,0,0,0,0,0,0,0,0,6
1,0,Matthew,13,42,4,833,698,680,234,327,0,0,0,0,0,0,448,0,0,30,40,0,0,0,0,0,0,40,0,0,66,82,34,34,34,34,34,34,82,34,34,-8,0,0,0,0,0,0,0,0,0,0,1,0,10,10,10,10,10,10,1,10,10,0,0,0,0,0,0,0,0,0,0,0,6
1,1,Michael,13,42,4,833,698,680,234,327,0,0,0,0,0,0,448,0,0,30,40,0,0,0,0,0,0,40,0,0,66,82,34,34,34,34,34,34,82,34,34,-8,0,0,0,0,0,0,0,0,0,0,1,0,10,10,10,10,10,10,1,10,10,0,0,0,0,0,0,0,0,0,0,0,6
1,2,Jeff,13,42,4,833,698,680,234,327,0,0,0,0,0,0,448,0,0,30,40,0,0,0,0,0,0,40,0,0,66,82,34,34,34,34,34,34,82,34,34,-8,0,0,0,0,0,0,0,0,0,0,1,0,10,10,10,10,10,10,1,10,10,0,0,0,0,0,0,0,0,0,0,0,6
2,0,Pennsylvania,13,90,10,833,818,695,234,327,0,0,0,0,0,0,374,0,0,30,40,0,0,0,0,0,0,60,0,0,66,82,34,34,34,34,34,34,91,34,34,0,0,0,0,0,0,0,0,15,0,0,1,0,10,10,10,10,10,10,1,10,10,0,0,0,0,0,0,0,0,0,0,0,6
2,1,Boston & Maine,63,90,10,973,818,695,234,187,0,0,0,0,0,0,374,0,0,30,50,0,0,0,0,0,0,60,0,0,66,91,34,34,34,34,34,34,91,34,34,0,14,0,0,0,0,0,0,15,0,0,1,0,10,10,10,10,10,10,1,10,10,0,0,0,0,0,0,0,0,0,0,0,7
2,2,Baltimore & Ohio,63,90,46,973,818,803,128,187,0,0,0,0,0,0,374,0,0,40,50,0,0,0,0,0,0,60,0,0,74,91,34,34,34,34,34,34,91,34,34,12,14,0,0,0,0,0,0,15,0,0,1,0,10,10,10,10,10,10,1,10,10,0,0,0,0,0,0,0,0,0,0,0,8
3,0,Pennsylvania,63,170,56,973,970,822,128,187,0,0,0,0,0,0,384,0,0,40,50,0,0,0,0,0,0,100,0,0,74,91,34,34,34,34,34,34,100,34,34,0,0,0,0,0,0,0,0,19,0,0,1,0,10,10,10,10,10,10,1,10,10,0,0,0,0,0,0,0,0,0,0,0,8
3,1,Boston & Maine,133,170,56,1133,970,822,128,127,0,0,0,0,0,0,384,0,0,40,70,0,0,0,0,0,0,100,0,0,74,100,34,34,34,34,34,34,100,34,34,0,16,0,0,0,0,0,0,19,0,0,1,0,10,10,10,10,10,10,1,10,10,0,0,0,0,0,0,0,0,0,0,0,8
3,2,Baltimore & Ohio,133,170,110,1133,970,948,34,127,0,0,0,0,0,0,384,0,0,60,70,0,0,0,0,0,0,100,0,0,82,100,34,34,34,34,34,34,100,34,34,14,16,0,0,0,0,0,0,19,0,0,1,0,10,10,10,10,10,10,1,10,10,0,0,0,0,0,0,0,0,0,0,0,9
1,0,Michael,133,170,10,1133,970,948,34,127,0,0,0,0,0,0,484,0,0,60,70,0,0,0,0,0,0,100,0,0,82,100,34,34,34,34,34,34,100,34,34,0,0,0,0,0,0,0,0,0,0,0,1,0,10,10,10,10,10,10,0,10,10,0,0,0,0,0,0,0,0,0,0,0,9
1,1,Jeff,293,170,10,1124,970,948,34,127,740,0,0,0,0,0,484,0,0,60,70,0,0,0,0,0,0,100,0,0,82,91,74,34,34,34,34,34,100,34,34,0,-9,0,0,0,0,0,0,0,0,0,1,0,0,10,10,10,10,10,0,10,10,0,9,0,0,0,0,0,0,0,0,0,9
1,2,Matthew,293,170,10,1124,970,948,34,127,740,0,0,0,0,0,484,0,0,60,70,0,0,0,0,0,0,100,0,0,82,91,74,34,34,34,34,34,100,34,34,0,-9,0,0,0,0,0,0,0,0,0,1,0,0,10,10,10,10,10,0,10,10,0,9,0,0,0,0,0,0,0,0,0,9
1,0,Michael,293,170,10,1124,970,948,34,127,740,0,0,0,0,0,484,0,0,60,70,0,0,0,0,0,0,100,0,0,82,91,74,34,34,34,34,34,100,34,34,0,-9,0,0,0,0,0,0,0,0,0,1,0,0,10,10,10,10,10,0,10,10,0,9,0,0,0,0,0,0,0,0,0,9
1,1,Jeff,29,170,10,1124,970,948,34,127,740,0,0,264,0,0,484,0,0,60,70,0,0,0,0,0,0,100,0,0,82,91,74,34,34,66,34,34,100,34,34,0,-9,0,0,0,0,0,0,0,0,0,1,0,0,10,10,6,10,10,0,10,10,0,9,0,0,0,0,0,0,0,0,0,9
1,2,Matthew,29,38,10,1124,970,948,34,127,740,0,0,396,0,0,484,0,0,60,70,0,0,0,0,0,0,100,0,0,82,91,74,34,34,66,34,34,100,34,34,0,-9,0,0,0,0,0,0,0,0,0,1,0,0,10,10,4,10,10,0,10,10,0,9,0,0,0,0,0,0,0,0,0,9
1,0,Michael,29,38,10,1124,970,948,34,127,740,0,0,396,0,0,484,0,0,60,70,0,0,0,0,0,0,100,0,0,82,91,74,34,34,66,34,34,100,34,34,0,-9,0,0,0,0,0,0,0,0,0,1,0,0,10,10,4,10,10,0,10,10,0,9,0,0,0,0,0,0,0,0,0,9
1,1,Jeff,29,38,10,1124,970,948,34,127,740,0,0,396,0,0,484,0,0,60,70,0,0,0,0,0,0,100,0,0,82,91,74,34,34,66,34,34,100,34,34,0,-9,0,0,0,0,0,0,0,0,0,1,0,0,10,10,4,10,10,0,10,10,0,9,0,0,0,0,0,0,0,0,0,9
1,2,Matthew,29,38,10,1124,970,948,34,127,740,0,0,396,0,0,484,0,0,60,70,0,0,0,0,0,0,100,0,0,82,91,74,34,34,66,34,34,100,34,34,0,-9,0,0,0,0,0,0,0,0,0,1,0,0,10,10,4,10,10,0,10,10,0,9,0,0,0,0,0,0,0,0,0,9
2,0,Pennsylvania,29,158,40,1115,1170,998,34,127,740,0,0,396,0,0,254,0,0,60,70,0,0,0,0,0,0,150,0,0,82,82,74,34,34,66,34,34,110,34,34,0,0,0,0,0,0,0,0,25,0,0,1,0,0,10,10,4,10,10,0,10,10,0,9,0,0,0,0,0,0,0,0,0,10
2,1,Baltimore & Ohio,29,158,103,1115,1170,1142,21,127,740,0,0,396,0,0,254,0,0,70,70,0,0,0,0,0,0,150,0,0,91,82,74,34,34,66,34,34,110,34,34,16,0,0,0,0,0,0,0,25,0,0,1,0,0,10,10,4,10,10,0,10,10,0,9,0,0,0,0,0,0,0,0,0,10
2,2,Boston & Maine,29,158,103,1115,1170,1142,21,197,740,0,0,396,0,0,254,0,0,70,70,0,0,0,0,0,0,150,0,0,91,82,74,34,34,66,34,34,110,34,34,16,0,0,0,0,0,0,0,25,0,0,1,0,0,10,10,4,10,10,0,10,10,0,9,0,0,0,0,0,0,0,0,0,10
2,3,Chesapeake & Ohio,69,158,103,1235,1170,1142,21,197,610,0,0,396,0,0,254,0,0,70,70,40,0,0,0,0,0,150,0,0,91,82,82,34,34,66,34,34,110,34,34,16,0,12,0,0,0,0,0,25,0,0,1,0,0,10,10,4,10,10,0,10,10,0,9,0,0,0,0,0,0,0,0,0,11
2,4,New York Central,97,172,103,1295,1200,1142,21,197,610,0,0,114,0,0,254,0,0,70,70,40,0,0,70,0,0,150,0,0,91,82,82,34,34,74,34,34,110,34,34,16,0,12,0,0,15,0,0,25,0,0,1,0,0,10,10,4,10,10,0,10,10,0,9,0,0,0,0,0,0,0,0,0,12
3,0,Pennsylvania,97,340,145,1295,1456,1206,21,197,610,0,0,114,0,0,49,0,0,70,70,40,0,0,70,0,0,210,0,0,91,82,82,34,34,74,34,34,121,34,34,0,0,0,0,0,0,0,0,32,0,0,1,0,0,10,10,4,10,10,0,10,10,0,9,0,0,0,0,0,0,0,0,0,13
3,1,Baltimore & Ohio,97,340,208,1295,1456,1269,8,197,610,0,0,114,0,0,49,0,0,70,70,40,0,0,70,0,0,210,0,0,91,82,82,34,34,74,34,34,121,34,34,7,0,0,0,0,0,0,0,32,0,0,1,0,0,10,10,4,10,10,0,10,10,0,9,0,0,0,0,0,0,0,0,0,13
3,2,Boston & Maine,105,340,208,1312,1456,1269,8,197,610,0,0,114,0,0,49,0,0,70,80,40,0,0,70,0,0,210,0,0,91,91,82,34,34,74,34,34,121,34,34,7,17,0,0,0,0,0,0,32,0,0,1,0,0,10,10,4,10,10,0,10,10,0,9,0,0,0,0,0,0,0,0,0,13
3,3,Chesapeake & Ohio,165,340,208,1462,1456,1269,8,197,400,0,0,114,0,0,49,0,0,70,80,60,0,0,70,0,0,210,0,0,91,91,91,34,34,74,34,34,121,34,34,7,17,15,0,0,0,0,0,32,0,0,1,0,0,10,10,4,10,10,0,10,10,0,9,0,0,0,0,0,0,0,0,0,14
3,4,New York Central,201,358,208,1530,1490,1269,8,197,400,0,0,120,0,0,49,0,0,70,80,60,0,0,90,0,0,210,0,0,91,91,91,34,34,82,34,34,121,34,34,7,17,15,0,0,17,0,0,32,0,0,1,0,0,10,10,4,10,10,0,10,10,0,9,0,0,0,0,0,0,0,0,0,14
1,0,Jeff,37,358,208,1530,1490,1269,8,197,400,0,0,284,0,0,49,0,0,70,80,60,0,0,90,0,0,210,0,0,91,91,91,34,34,82,34,34,121,34,34,0,0,0,0,0,0,0,0,0,0,0,1,0,0,10,10,2,10,10,0,10,10,0,9,0,0,0,0,0,0,0,0,0,14
1,1,Michael,37,358,117,1530,1490,1269,99,197,400,0,0,284,0,0,49,0,0,70,80,60,0,0,90,0,0,210,0,0,91,91,91,34,34,82,34,34,121,34,34,0,0,0,0,0,0,0,0,0,0,0,0,0,0,10,10,2,10,10,0,10,10,0,9,0,0,0,0,0,0,0,0,0,14
1,2,Matthew,37,194,117,1530,1490,1269,99,197,400,0,0,448,0,0,49,0,0,70,80,60,0,0,90,0,0,210,0,0,91,91,91,34,34,82,34,34,121,34,34,0,0,0,0,0,0,0,0,0,0,0,0,0,0,10,10,0,10,10,0,10,10,0,9,0,0,0,0,0,0,0,0,0,14
1,0,Jeff,37,194,117,1530,1490,1269,99,15,400,0,0,448,0,0,49,0,0,70,80,60,0,0,90,0,0,210,0,0,91,91,91,34,34,82,34,34,121,34,34,0,0,0,0,0,0,0,0,0,0,0,0,2,0,10,10,0,10,10,0,10,10,0,7,0,0,0,0,0,0,0,0,0,14
1,1,Michael,37,194,35,1530,1490,1269,99,15,400,0,0,448,82,0,49,0,0,70,80,60,0,0,90,0,0,210,0,0,91,91,91,34,34,82,82,34,121,34,34,0,0,0,0,0,0,0,0,0,0,0,0,2,0,10,10,0,9,10,0,10,10,0,7,0,0,0,0,0,0,0,0,0,14
1,2,Matthew,37,30,35,1530,1490,1269,99,15,400,0,0,448,246,0,49,0,0,70,80,60,0,0,90,0,0,210,0,0,91,91,91,34,34,82,82,34,121,34,34,0,0,0,0,0,0,0,0,0,0,0,0,2,0,10,10,0,7,10,0,10,10,0,7,0,0,0,0,0,0,0,0,0,14
1,0,Jeff,37,30,35,1530,1490,1269,99,15,400,0,0,448,246,0,49,0,0,70,80,60,0,0,90,0,0,210,0,0,91,91,91,34,34,82,82,34,121,34,34,0,0,0,0,0,0,0,0,0,0,0,0,2,0,10,10,0,7,10,0,10,10,0,7,0,0,0,0,0,0,0,0,0,14
1,1,Michael,37,30,35,1530,1490,1269,99,15,400,0,0,448,246,0,49,0,0,70,80,60,0,0,90,0,0,210,0,0,91,91,91,34,34,82,82,34,121,34,34,0,0,0,0,0,0,0,0,0,0,0,0,2,0,10,10,0,7,10,0,10,10,0,7,0,0,0,0,0,0,0,0,0,14
1,2,Matthew,37,30,35,1530,1490,1269,99,15,400,0,0,448,246,0,49,0,0,70,80,60,0,0,90,0,0,210,0,0,91,91,91,34,34,82,82,34,121,34,34,0,0,0,0,0,0,0,0,0,0,0,0,2,0,10,10,0,7,10,0,10,10,0,7,0,0,0,0,0,0,0,0,0,14
2,0,Pennsylvania,37,214,81,1521,1770,1339,99,15,400,0,0,448,246,0,19,0,0,70,80,60,0,0,90,0,0,230,0,0,91,82,91,34,34,82,82,34,133,34,34,0,0,0,0,0,0,0,0,35,0,0,0,2,0,10,10,0,7,10,0,10,10,0,7,0,0,0,0,0,0,0,0,0,14
2,1,Baltimore & Ohio,37,214,81,1521,1770,1339,169,15,400,0,0,448,246,0,19,0,0,70,80,60,0,0,90,0,0,230,0,0,91,82,91,34,34,82,82,34,133,34,34,0,0,0,0,0,0,0,0,35,0,0,0,2,0,10,10,0,7,10,0,10,10,0,7,0,0,0,0,0,0,0,0,0,14
2,2,Chesapeake & Ohio,117,214,81,1691,1770,1339,169,15,280,0,0,448,246,0,19,0,0,70,80,80,0,0,90,0,0,230,0,0,91,82,100,34,34,82,82,34,133,34,34,0,0,17,0,0,0,0,0,35,0,0,0,2,0,10,10,0,7,10,0,10,10,0,7,0,0,0,0,0,0,0,0,0,14
2,3,New York Central,177,254,81,1805,1846,1339,169,15,280,0,0,448,246,0,19,0,0,70,80,80,0,0,100,0,0,230,0,0,91,82,100,34,34,91,82,34,133,34,34,0,0,17,0,0,19,0,0,35,0,0,0,2,0,10,10,0,7,10,0,10,10,0,7,0,0,0,0,0,0,0,0,0,14
2,4,Nickel Plate,177,262,85,1805,1872,1352,169,15,280,0,0,448,89,0,19,0,0,70,80,80,0,0,100,40,0,230,0,0,91,82,100,34,34,91,91,34,133,34,34,0,0,17,0,0,19,13,0,35,0,0,0,2,0,10,10,0,7,10,0,10,10,0,7,0,0,0,0,0,0,0,0,0,15
2,5,Boston & Maine,177,262,85,1805,1872,1352,169,95,280,0,0,448,89,0,19,0,0,70,80,80,0,0,100,40,0,230,0,0,91,82,100,34,34,91,91,34,133,34,34,0,0,17,0,0,19,13,0,35,0,0,0,2,0,10,10,0,7,10,0,10,10,0,7,0,0,0,0,0,0,0,0,0,15
3,0,Pennsylvania,177,262,85,1805,1872,1352,169,95,280,0,0,448,89,0,239,0,0,70,80,80,0,0,100,40,0,230,0,0,91,82,100,34,34,91,91,34,133,34,34,0,0,0,0,0,0,0,0,0,0,0,0,2,0,10,10,0,7,10,0,10,10,0,7,0,0,0,0,0,0,0,0,0,15
3,1,Chesapeake & Ohio,297,262,85,2025,1872,1352,169,95,280,0,0,448,89,0,239,0,0,70,80,120,0,0,100,40,0,230,0,0,91,82,110,34,34,91,91,34,133,34,34,0,0,22,0,0,0,0,0,0,0,0,0,2,0,10,10,0,7,10,0,10,10,0,7,0,0,0,0,0,0,0,0,0,15
3,2,Baltimore & Ohio,297,262,165,2025,1872,1522,49,95,280,0,0,448,89,0,239,0,0,80,80,120,0,0,100,40,0,230,0,0,100,82,110,34,34,91,91,34,133,34,34,17,0,22,0,0,0,0,0,0,0,0,0,2,0,10,10,0,7,10,0,10,10,0,7,0,0,0,0,0,0,0,0,0,15
3,3,New York Central,393,326,165,2175,1972,1522,49,95,280,0,0,283,89,0,239,0,0,80,80,120,0,0,160,40,0,230,0,0,100,82,110,34,34,100,91,34,133,34,34,17,0,22,0,0,25,0,0,0,0,0,0,2,0,10,10,0,7,10,0,10,10,0,7,0,0,0,0,0,0,0,0,0,16
3,4,Nickel Plate,393,342,173,2175,2006,1539,49,95,280,0,0,283,115,0,239,0,0,80,80,120,0,0,160,80,0,230,0,0,100,82,110,34,34,100,100,34,133,34,34,17,0,22,0,0,25,17,0,0,0,0,0,2,0,10,10,0,7,10,0,10,10,0,7,0,0,0,0,0,0,0,0,0,16
3,5,Boston & Maine,393,342,173,2175,2006,1539,49,175,280,0,0,283,115,0,239,0,0,80,80,120,0,0,160,80,0,230,0,0,100,82,110,34,34,100,100,34,133,34,34,17,0,22,0,0,25,17,0,0,0,0,0,2,0,10,10,0,7,10,0,10,10,0,7,0,0,0,0,0,0,0,0,0,16
1,0,Michael,393,342,253,2175,2006,1530,49,175,280,0,820,283,115,0,239,0,0,80,80,120,0,0,160,80,0,230,0,0,91,82,110,34,82,100,100,34,133,34,34,-9,0,0,0,0,0,0,0,0,0,0,0,2,0,10,0,0,7,10,0,10,10,9,7,0,0,0,0,0,0,0,0,0,16
1,1,Matthew,393,42,253,2175,2006,1530,49,175,280,0,820,283,415,0,239,0,0,80,80,120,0,0,160,80,0,230,0,0,91,82,110,34,82,100,100,34,133,34,34,-9,0,0,0,0,0,0,0,0,0,0,0,2,0,10,0,0,4,10,0,10,10,9,7,0,0,0,0,0,0,0,0,0,16
1,2,Jeff,93,42,253,2175,2006,1530,49,175,280,0,820,283,715,0,239,0,0,80,80,120,0,0,160,80,0,230,0,0,91,82,110,34,82,100,100,34,133,34,34,-9,0,0,0,0,0,0,0,0,0,0,0,2,0,10,0,0,1,10,0,10,10,9,7,0,0,0,0,0,0,0,0,0,16
1,0,Michael,93,42,7,2175,2006,1530,49,339,280,0,820,283,715,0,239,0,0,80,80,120,0,0,160,80,0,230,0,0,91,82,110,34,82,100,100,34,133,34,34,-9,0,0,0,0,0,0,0,0,0,0,0,0,0,10,0,0,1,10,0,10,10,9,6,0,0,0,0,0,0,0,0,0,16
1,1,Matthew,93,42,7,2175,2006,1530,49,339,280,0,820,283,715,0,239,0,0,80,80,120,0,0,160,80,0,230,0,0,91,82,110,34,82,100,100,34,133,34,34,-9,0,0,0,0,0,0,0,0,0,0,0,0,0,10,0,0,1,10,0,10,10,9,6,0,0,0,0,0,0,0,0,0,16
1,2,Jeff,11,42,7,2175,2006,1530,49,339,280,0,820,283,715,0,239,0,0,80,80,120,0,0,160,80,0,230,0,0,91,82,110,34,82,100,100,34,133,34,34,-9,0,0,0,0,0,0,0,0,0,0,0,0,0,10,0,0,1,10,0,10,10,9,5,0,0,0,0,0,0,0,0,0,16
1,0,Michael,11,42,7,2175,2006,1530,49,339,280,0,820,283,715,0,239,0,0,80,80,120,0,0,160,80,0,230,0,0,91,82,110,34,82,100,100,34,133,34,34,-9,0,0,0,0,0,0,0,0,0,0,0,0,0,10,0,0,1,10,0,10,10,9,5,0,0,0,0,0,0,0,0,0,16
1,1,Matthew,11,42,7,2175,2006,1530,49,339,280,0,820,283,715,0,239,0,0,80,80,120,0,0,160,80,0,230,0,0,91,82,110,34,82,100,100,34,133,34,34,-9,0,0,0,0,0,0,0,0,0,0,0,0,0,10,0,0,1,10,0,10,10,9,5,0,0,0,0,0,0,0,0,0,16
1,2,Jeff,11,42,7,2175,2006,1530,49,339,280,0,820,283,715,0,239,0,0,80,80,120,0,0,160,80,0,230,0,0,91,82,110,34,82,100,100,34,133,34,34,-9,0,0,0,0,0,0,0,0,0,0,0,0,0,10,0,0,1,10,0,10,10,9,5,0,0,0,0,0,0,0,0,0,16
2,0,Pennsylvania,11,234,55,2159,2302,1571,49,339,280,0,820,283,715,0,209,0,0,80,80,120,0,0,160,80,0,240,0,0,82,74,110,34,82,100,100,34,146,34,34,0,0,0,0,0,0,0,0,37,0,0,0,0,0,10,0,0,1,10,0,10,10,9,5,0,0,0,0,0,0,0,0,0,16
2,1,Chesapeake & Ohio,161,234,55,2419,2302,1571,49,339,210,0,820,283,715,0,209,0,0,80,80,150,0,0,160,80,0,240,0,0,82,74,121,34,82,100,100,34,146,34,34,0,0,26,0,0,0,0,0,37,0,0,0,0,0,10,0,0,1,10,0,10,10,9,5,0,0,0,0,0,0,0,0,0,16
2,2,New York Central,275,310,55,2593,2418,1571,49,339,210,0,820,243,715,0,209,0,0,80,80,150,0,0,190,80,0,240,0,0,82,74,121,34,82,110,100,34,146,34,34,0,0,26,0,0,29,0,0,37,0,0,0,0,0,10,0,0,1,10,0,10,10,9,5,0,0,0,0,0,0,0,0,0,16
2,3,Nickel Plate,305,360,65,2653,2518,1591,49,339,210,0,820,243,695,0,209,0,0,80,80,150,0,0,190,100,0,240,0,0,82,74,121,34,82,110,110,34,146,34,34,0,0,26,0,0,29,20,0,37,0,0,0,0,0,10,0,0,1,10,0,10,10,9,5,0,0,0,0,0,0,0,0,0,16
2,4,Erie,305,360,175,2653,2518,1791,49,339,210,0,420,243,695,0,209,0,0,80,80,150,0,110,190,100,0,240,0,0,82,74,121,34,91,110,110,34,146,34,34,0,0,26,0,20,29,20,0,37,0,0,0,0,0,10,0,0,1,10,0,10,10,9,5,0,0,0,0,0,0,0,0,0,17
2,5,Baltimore & Ohio,305,360,175,2653,2518,1791,139,339,210,0,420,243,695,0,209,0,0,110,80,150,0,110,190,100,0,240,0,0,82,74,121,34,91,110,110,34,146,34,34,9,0,26,0,20,29,20,0,37,0,0,0,0,0,10,0,0,1,10,0,10,10,9,5,0,0,0,0,0,0,0,0,0,17
2,6,Boston & Maine,323,360,202,2687,2518,1842,139,359,210,0,420,243,695,0,209,0,0,110,90,150,0,110,190,100,0,240,0,0,82,82,121,34,91,110,110,34,146,34,34,9,17,26,0,20,29,20,0,37,0,0,0,0,0,10,0,0,1,10,0,10,10,9,5,0,0,0,0,0,0,0,0,0,17
3,0,Pennsylvania,323,592,260,2687,2862,1928,139,359,210,0,420,243,695,0,199,0,0,110,90,150,0,110,190,100,0,290,0,0,82,82,121,34,91,110,110,34,160,34,34,0,0,0,0,0,0,0,0,43,0,0,0,0,0,10,0,0,1,10,0,10,10,9,5,0,0,0,0,0,0,0,0,0,17
3,1,Chesapeake & Ohio,483,592,260,2967,2862,1928,139,359,170,0,420,243,695,0,199,0,0,110,90,160,0,110,190,100,0,290,0,0,82,82,133,34,91,110,110,34,160,34,34,0,0,28,0,0,0,0,0,43,0,0,0,0,0,10,0,0,1,10,0,10,10,9,5,0,0,0,0,0,0,0,0,0,17
3,2,New York Central,639,696,260,3189,3010,1928,139,359,170,0,420,3,695,0,199,0,0,110,90,160,0,110,260,100,0,290,0,0,82,82,133,34,91,121,110,34,160,34,34,0,0,28,0,0,37,0,0,43,0,0,0,0,0,10,0,0,1,10,0,10,10,9,5,0,0,0,0,0,0,0,0,0,18
3,3,Nickel Plate,690,781,277,3273,3150,1956,139,359,170,0,420,3,522,0,199,0,0,110,90,160,0,110,260,170,0,290,0,0,82,82,133,34,91,121,121,34,160,34,34,0,0,28,0,0,37,28,0,43,0,0,0,0,0,10,0,0,1,10,0,10,10,9,5,0,0,0,0,0,0,0,0,0,19
3,4,Erie,690,781,417,3273,3150,2186,139,359,170,0,350,3,522,0,199,0,0,110,90,160,0,140,260,170,0,290,0,0,82,82,133,34,100,121,121,34,160,34,34,0,0,28,0,23,37,28,0,43,0,0,0,0,0,10,0,0,1,10,0,10,10,9,5,0,0,0,0,0,0,0,0,0,19
3,5,Baltimore & Ohio,690,781,417,3273,3150,2186,249,359,170,0,350,3,522,0,199,0,0,130,90,160,0,140,260,170,0,290,0,0,82,82,133,34,100,121,121,34,160,34,34,9,0,28,0,23,37,28,0,43,0,0,0,0,0,10,0,0,1,10,0,10,10,9,5,0,0,0,0,0,0,0,0,0,19
3,6,Boston & Maine,718,781,459,3319,3150,2255,249,199,170,0,350,3,522,0,199,0,0,130,140,160,0,140,260,170,0,290,0,0,82,91,133,34,100,121,121,34,160,34,34,9,23,28,0,23,37,28,0,43,0,0,0,0,0,10,0,0,1,10,0,10,10,9,5,0,0,0,0,0,0,0,0,0,20
1,0,Michael,718,781,4,3301,3150,2255,249,199,170,0,350,3,522,0,199,0,728,130,140,160,0,140,260,170,0,290,0,0,82,82,133,34,100,121,121,34,160,34,91,0,-9,0,0,0,0,0,0,0,0,0,0,0,0,10,0,0,1,10,0,10,2,9,8,0,0,0,0,0,0,0,0,0,20
1,1,Jeff,554,781,4,3301,3150,2255,249,199,170,0,350,3,522,0,199,0,728,130,140,160,0,140,260,170,0,290,0,0,82,82,133,34,100,121,121,34,160,34,91,0,-9,0,0,0,0,0,0,0,0,0,0,0,0,10,0,0,1,10,0,10,2,7,8,0,0,0,0,0,0,0,0,0,20
1,2,Matthew,554,781,4,3301,3150,2255,249,199,170,0,350,3,522,0,199,0,728,130,140,160,0,140,260,170,0,290,0,0,82,82,133,34,100,121,121,34,160,34,91,0,-9,0,0,0,0,0,0,0,0,0,0,0,0,10,0,0,1,10,0,10,2,7,8,0,0,0,0,0,0,0,0,0,20
1,0,Michael,554,781,4,3301,3150,2255,249,199,170,0,350,3,522,0,199,0,728,130,140,160,0,140,260,170,0,290,0,0,82,82,133,34,100,121,121,34,160,34,91,0,-9,0,0,0,0,0,0,0,0,0,0,0,0,10,0,0,1,10,0,10,2,7,8,0,0,0,0,0,0,0,0,0,20
1,1,Jeff,554,781,4,3301,3150,2255,167,199,170,0,350,3,522,0,199,0,728,130,140,160,0,140,260,170,0,290,0,0,82,82,133,34,100,121,121,34,160,34,91,0,-9,0,0,0,0,0,0,0,0,0,1,0,0,10,0,0,1,10,0,10,2,6,8,0,0,0,0,0,0,0,0,0,20
1,2,Matthew,554,599,4,3301,3150,2255,167,199,170,0,350,3,522,0,199,0,910,130,140,160,0,140,260,170,0,290,0,0,82,82,133,34,100,121,121,34,160,34,91,0,-9,0,0,0,0,0,0,0,0,0,1,0,0,10,0,0,1,10,0,10,0,6,8,0,0,0,0,0,0,0,0,0,20
1,0,Michael,554,599,4,3301,3150,2255,167,199,170,0,350,3,522,0,199,0,910,130,140,160,0,140,260,170,0,290,0,0,82,82,133,34,100,121,121,34,160,34,91,0,-9,0,0,0,0,0,0,0,0,0,1,0,0,10,0,0,1,10,0,10,0,6,8,0,0,0,0,0,0,0,0,0,20
1,1,Jeff,62,599,4,3301,3150,2255,167,199,170,0,350,3,522,0,199,0,910,130,140,160,0,140,260,170,0,290,0,0,82,82,133,34,100,121,121,34,160,34,91,0,-9,0,0,0,0,0,0,0,0,0,1,0,0,10,0,0,1,10,0,10,0,0,8,0,0,0,0,0,0,0,0,0,20
1,2,Matthew,62,478,4,3301,3150,2255,167,199,170,0,350,3,643,0,199,0,910,130,140,160,0,140,260,170,0,290,0,0,82,82,133,34,100,121,121,34,160,34,91,0,-9,0,0,0,0,0,0,0,0,0,1,0,0,10,0,0,0,10,0,10,0,0,8,0,0,0,0,0,0,0,0,0,20
1,0,Michael,62,478,4,3301,3150,2255,167,199,170,0,350,3,643,0,199,0,910,130,140,160,0,140,260,170,0,290,0,0,82,82,133,34,100,121,121,34,160,34,91,0,-9,0,0,0,0,0,0,0,0,0,1,0,0,10,0,0,0,10,0,10,0,0,8,0,0,0,0,0,0,0,0,0,20
1,1,Jeff,62,478,4,3301,3150,2255,167,199,170,0,350,3,643,0,199,0,910,130,140,160,0,140,260,170,0,290,0,0,82,82,133,34,100,121,121,34,160,34,91,0,-9,0,0,0,0,0,0,0,0,0,1,0,0,10,0,0,0,10,0,10,0,0,8,0,0,0,0,0,0,0,0,0,20
1,2,Matthew,62,23,4,3301,3150,2255,167,199,170,455,350,3,643,0,199,0,910,130,140,160,0,140,260,170,0,290,0,0,82,82,133,91,100,121,121,34,160,34,91,0,-9,0,0,0,0,0,0,0,0,0,1,0,0,5,0,0,0,10,0,10,0,0,8,0,0,0,0,0,0,0,0,0,20
1,0,Michael,62,23,4,3301,3150,2255,167,199,170,455,350,3,643,0,199,0,910,130,140,160,0,140,260,170,0,290,0,0,82,82,133,91,100,121,121,34,160,34,91,0,-9,0,0,0,0,0,0,0,0,0,1,0,0,5,0,0,0,10,0,10,0,0,8,0,0,0,0,0,0,0,0,0,20
1,1,Jeff,62,23,4,3293,3150,2255,249,199,170,455,350,3,643,0,199,0,910,130,140,160,0,140,260,170,0,290,0,0,82,74,133,91,100,121,121,34,160,34,91,0,-17,0,0,0,0,0,0,0,0,0,0,0,0,5,0,0,0,10,0,10,0,0,9,0,0,0,0,0,0,0,0,0,20
1,2,Matthew,62,23,4,3293,3150,2255,249,199,170,455,350,3,643,0,199,0,910,130,140,160,0,140,260,170,0,290,0,0,82,74,133,91,100,121,121,34,160,34,91,0,-17,0,0,0,0,0,0,0,0,0,0,0,0,5,0,0,0,10,0,10,0,0,9,0,0,0,0,0,0,0,0,0,20
1,0,Michael,62,23,4,3293,3150,2255,249,199,170,455,350,3,643,0,199,0,910,130,140,160,0,140,260,170,0,290,0,0,82,74,133,91,100,121,121,34,160,34,91,0,-17,0,0,0,0,0,0,0,0,0,0,0,0,5,0,0,0,10,0,10,0,0,9,0,0,0,0,0,0,0,0,0,20
1,1,Jeff,62,23,4,3293,3150,2255,249,199,170,455,350,3,643,0,199,0,910,130,140,160,0,140,260,170,0,290,0,0,82,74,133,91,100,121,121,34,160,34,91,0,-17,0,0,0,0,0,0,0,0,0,0,0,0,5,0,0,0,10,0,10,0,0,9,0,0,0,0,0,0,0,0,0,20
1,2,Matthew,62,23,4,3293,3150,2255,249,199,170,455,350,3,643,0,199,0,910,130,140,160,0,140,260,170,0,290,0,0,82,74,133,91,100,121,121,34,160,34,91,0,-17,0,0,0,0,0,0,0,0,0,0,0,0,5,0,0,0,10,0,10,0,0,9,0,0,0,0,0,0,0,0,0,20
2,0,Pennsylvania,62,327,80,3285,3582,2363,249,199,170,455,350,3,643,0,39,0,910,130,140,160,0,140,260,170,0,380,0,0,82,66,133,91,100,121,121,34,176,34,91,0,0,0,0,0,0,0,0,54,0,0,0,0,0,5,0,0,0,10,0,10,0,0,9,0,0,0,0,0,0,0,0,0,21
2,1,Chesapeake & Ohio,262,327,80,3615,3582,2363,249,199,140,455,350,3,643,0,39,0,910,130,140,200,0,140,260,170,0,380,0,0,82,66,146,91,100,121,121,34,176,34,91,0,0,33,0,0,0,0,0,54,0,0,0,0,0,5,0,0,0,10,0,10,0,0,9,0,0,0,0,0,0,0,0,0,21
2,2,New York Central,430,439,80,3855,3742,2363,249,199,140,455,350,3,643,0,39,0,910,130,140,200,0,140,280,170,0,380,0,0,82,66,146,91,100,133,121,34,176,34,91,0,0,33,0,0,40,0,0,54,0,0,0,0,0,5,0,0,0,10,0,10,0,0,9,0,0,0,0,0,0,0,0,0,21
2,3,Nickel Plate,511,601,107,3972,3976,2402,249,199,140,455,350,3,343,0,39,0,910,130,140,200,0,140,280,270,0,380,0,0,82,66,146,91,100,133,133,34,176,34,91,0,0,33,0,0,40,39,0,54,0,0,0,0,0,5,0,0,0,10,0,10,0,0,9,0,0,0,0,0,0,0,0,0,22
2,4,Erie,511,601,277,3972,3976,2672,249,199,140,455,280,3,343,0,39,0,910,130,140,200,0,170,280,270,0,380,0,0,82,66,146,91,110,133,133,34,176,34,91,0,0,33,0,27,40,39,0,54,0,0,0,0,0,5,0,0,0,10,0,10,0,0,9,0,0,0,0,0,0,0,0,0,22
2,5,Norfolk & Western,511,611,317,3972,4004,2784,249,199,140,455,280,3,343,0,39,0,335,130,140,200,0,170,280,270,0,380,0,50,82,66,146,91,110,133,133,34,176,34,100,0,0,33,0,27,40,39,0,54,0,14,0,0,0,5,0,0,0,10,0,10,0,0,9,0,0,0,0,0,0,0,0,0,23
2,6,Illinois Central,511,676,317,3972,4114,2784,249,199,140,130,280,3,343,0,39,0,335,130,140,200,130,170,280,270,0,380,0,50,82,66,146,100,110,133,133,34,176,34,100,0,0,33,22,27,40,39,0,54,0,14,0,0,0,5,0,0,0,10,0,10,0,0,9,0,0,0,0,0,0,0,0,0,24
2,7,Baltimore & Ohio,700,676,338,4242,4114,2814,139,199,140,130,280,3,343,0,39,0,335,210,140,200,130,170,280,270,0,380,0,50,91,66,146,100,110,133,133,34,176,34,100,30,0,33,22,27,40,39,0,54,0,14,0,0,0,5,0,0,0,10,0,10,0,0,9,0,0,0,0,0,0,0,0,0,24
2,8,Boston & Maine,717,676,338,4267,4114,2814,139,199,140,130,280,3,343,0,39,0,335,210,170,200,130,170,280,270,0,380,0,50,91,74,146,100,110,133,133,34,176,34,100,30,25,33,22,27,40,39,0,54,0,14,0,0,0,5,0,0,0,10,0,10,0,0,9,0,0,0,0,0,0,0,0,0,24
3,0,Pennsylvania,717,1020,424,4267,4602,2936,139,199,140,130,280,3,343,0,39,0,335,210,170,200,130,170,280,270,0,430,0,50,91,74,146,100,110,133,133,34,194,34,100,0,0,0,0,0,0,0,0,61,0,0,0,0,0,5,0,0,0,10,0,10,0,0,9,0,0,0,0,0,0,0,0,0,24
3,1,Chesapeake & Ohio,997,1020,424,4687,4602,2936,139,199,10,130,280,3,343,0,39,0,335,210,170,280,130,170,280,270,0,430,0,50,91,74,160,100,110,133,133,34,194,34,100,0,0,42,0,0,0,0,0,61,0,0,0,0,0,5,0,0,0,10,0,10,0,0,9,0,0,0,0,0,0,0,0,0,24
3,2,New York Central,1195,1152,424,4963,4786,2936,139,199,10,130,280,3,343,0,39,0,335,210,170,280,130,170,330,270,0,430,0,50,91,74,160,100,110,146,133,34,194,34,100,0,0,42,0,0,46,0,0,61,0,0,0,0,0,5,0,0,0,10,0,10,0,0,9,0,0,0,0,0,0,0,0,0,24
3,3,Nickel Plate,1279,1320,452,5086,5032,2977,139,199,10,130,280,3,343,0,39,0,335,210,170,280,130,170,330,280,0,430,0,50,91,74,160,100,110,146,146,34,194,34,100,0,0,42,0,0,46,41,0,61,0,0,0,0,0,5,0,0,0,10,0,10,0,0,9,0,0,0,0,0,0,0,0,0,24
3,4,Erie,1279,1320,642,5086,5032,3277,139,199,10,130,55,3,343,0,39,0,335,210,170,280,130,190,330,280,0,430,0,50,91,74,160,100,121,146,146,34,194,34,100,0,0,42,0,30,46,41,0,61,0,0,0,0,0,5,0,0,0,10,0,10,0,0,9,0,0,0,0,0,0,0,0,0,25
3,5,Norfolk & Western,1279,1360,802,5086,5092,3517,139,199,10,130,55,3,343,0,39,0,75,210,170,280,130,190,330,280,0,430,0,200,91,74,160,100,121,146,146,34,194,34,110,0,0,42,0,30,46,41,0,61,0,30,0,0,0,5,0,0,0,10,0,10,0,0,9,0,0,0,0,0,0,0,0,0,25
3,6,Illinois Central,1279,1470,802,5086,5252,3517,139,199,10,190,55,3,343,0,39,0,75,210,170,280,220,190,330,280,0,430,0,200,91,74,160,110,121,146,146,34,194,34,110,0,0,42,32,30,46,41,0,61,0,30,0,0,0,5,0,0,0,10,0,10,0,0,9,0,0,0,0,0,0,0,0,0,25
3,7,Baltimore & Ohio,1468,1470,823,5275,5252,3538,39,199,10,190,55,3,343,0,39,0,75,210,170,280,220,190,330,280,0,430,0,200,91,74,160,110,121,146,146,34,194,34,110,21,0,42,32,30,46,41,0,61,0,30,0,0,0,5,0,0,0,10,0,10,0,0,9,0,0,0,0,0,0,0,0,0,25
3,8,Boston & Maine,1486,1470,823,5301,5252,3538,39,199,10,190,55,3,343,0,39,0,75,210,180,280,220,190,330,280,0,430,0,200,91,82,160,110,121,146,146,34,194,34,110,21,26,42,32,30,46,41,0,61,0,30,0,0,0,5,0,0,0,10,0,10,0,0,9,0,0,0,0,0,0,0,0,0,25
1,0,Michael,1486,1470,3,5301,5252,3538,39,199,10,190,55,3,343,0,39,820,75,210,180,280,220,190,330,280,0,430,0,200,91,82,160,110,121,146,146,34,194,82,110,0,0,0,0,0,0,0,0,0,0,0,0,0,0,5,0,0,0,10,0,0,0,0,9,0,0,0,0,0,0,0,0,0,25
1,1,Matthew,1486,560,3,5301,5252,3538,39,199,10,190,55,3,343,910,39,820,75,210,180,280,220,190,330,280,0,430,0,200,91,82,160,110,121,146,146,91,194,82,110,0,0,0,0,0,0,0,0,0,0,0,0,0,0,5,0,0,0,0,0,0,0,0,9,0,0,0,0,0,0,0,0,0,25
1,2,Jeff,1404,560,3,5301,5252,3538,39,199,10,190,55,3,343,910,39,820,75,210,180,280,220,190,330,280,0,430,0,200,91,82,160,110,121,146,146,91,194,82,110,0,0,0,0,0,0,0,0,0,0,0,0,0,0,5,0,0,0,0,0,0,0,0,8,0,0,0,0,0,0,0,0,0,25
1,2,Jeff,748,560,3,5301,5252,3538,39,199,10,190,55,3,343,910,39,820,75,210,180,280,220,190,330,280,0,430,0,200,91,82,160,110,121,146,146,91,194,82,110,0,0,0,0,0,0,0,0,0,0,0,0,0,0,5,0,0,0,0,0,0,0,0,0,0,0,0,0,0,0,0,0,0,25
1,0,Michael,748,560,3,5301,5232,3508,39,199,10,740,55,3,343,910,39,820,75,210,180,280,220,190,330,280,0,430,0,200,91,82,160,110,121,146,146,91,194,82,100,0,0,0,0,0,0,0,0,0,0,-10,0,0,0,0,0,0,0,0,0,0,0,0,0,0,0,0,0,0,0,0,0,5,25
1,1,Matthew,748,60,3,5301,5232,3508,39,199,10,740,55,3,343,910,39,820,75,210,180,280,220,190,330,280,0,430,0,200,91,82,160,110,121,146,146,91,194,82,100,0,0,0,0,0,0,0,0,0,0,-10,0,0,0,0,0,0,0,0,0,0,0,0,0,0,0,0,0,0,0,0,0,0,25
1,2,Jeff,748,60,3,5301,5232,3508,39,199,10,740,55,3,343,910,39,820,75,210,180,280,220,190,330,280,0,430,0,200,91,82,160,110,121,146,146,91,194,82,100,0,0,0,0,0,0,0,0,0,0,-10,0,0,0,0,0,0,0,0,0,0,0,0,0,0,0,0,0,0,0,0,0,0,25
1,0,Michael,748,60,3,5301,5232,3508,39,199,10,740,55,3,343,910,39,820,75,210,180,280,220,190,330,280,0,430,0,200,91,82,160,110,121,146,146,91,194,82,100,0,0,0,0,0,0,0,0,0,0,-10,0,0,0,0,0,0,0,0,0,0,0,0,0,0,0,0,0,0,0,0,0,0,25
1,1,Matthew,748,60,3,5301,5232,3508,39,199,10,740,55,3,343,910,39,820,75,210,180,280,220,190,330,280,0,430,0,200,91,82,160,110,121,146,146,91,194,82,100,0,0,0,0,0,0,0,0,0,0,-10,0,0,0,0,0,0,0,0,0,0,0,0,0,0,0,0,0,0,0,0,0,0,25
1,2,Jeff,748,60,3,5301,5232,3508,39,199,10,740,55,3,343,910,39,820,75,210,180,280,220,190,330,280,0,430,0,200,91,82,160,110,121,146,146,91,194,82,100,0,0,0,0,0,0,0,0,0,0,-10,0,0,0,0,0,0,0,0,0,0,0,0,0,0,0,0,0,0,0,0,0,0,25
2,0,Pennsylvania,748,420,93,5301,5744,3636,39,199,10,740,55,3,343,910,39,820,75,210,180,280,220,190,330,280,0,450,0,200,91,82,160,110,121,146,146,91,213,82,100,0,0,0,0,0,0,0,0,64,0,0,0,0,0,0,0,0,0,0,0,0,0,0,0,0,0,0,0,0,0,0,0,0,25
2,1,Chesapeake & Ohio,1068,420,93,5781,5744,3636,39,199,10,740,55,3,343,910,39,820,75,210,180,320,220,190,330,280,0,450,0,200,91,82,176,110,121,146,146,91,213,82,100,0,0,48,0,0,0,0,0,64,0,0,0,0,0,0,0,0,0,0,0,0,0,0,0,0,0,0,0,0,0,0,0,0,25
2,2,New York Central,1278,560,93,6075,5940,3636,39,199,10,740,55,3,343,910,39,820,75,210,180,320,220,190,350,280,0,450,0,200,91,82,176,110,121,160,146,91,213,82,100,0,0,48,0,0,49,0,0,64,0,0,0,0,0,0,0,0,0,0,0,0,0,0,0,0,0,0,0,0,0,0,0,0,25
2,3,Nickel Plate,1365,734,122,6204,6198,3679,39,199,10,740,55,3,343,910,39,820,75,210,180,320,220,190,350,290,0,450,0,200,91,82,176,110,121,160,160,91,213,82,100,0,0,48,0,0,49,43,0,64,0,0,0,0,0,0,0,0,0,0,0,0,0,0,0,0,0,0,0,0,0,0,0,0,25
2,4,Erie,1365,734,332,6204,6198,4009,39,199,10,740,55,3,343,910,39,820,75,210,180,320,220,210,350,290,0,450,0,200,91,82,176,110,133,160,160,91,213,82,100,0,0,48,0,33,49,43,0,64,0,0,0,0,0,0,0,0,0,0,0,0,0,0,0,0,0,0,0,0,0,0,0,0,25
2,5,Illinois Central,1365,864,462,6204,6383,4194,39,199,10,710,55,3,343,910,39,820,75,210,180,320,260,210,350,290,0,450,0,200,91,82,176,121,133,160,160,91,213,82,100,0,0,48,37,33,49,43,0,64,0,0,0,0,0,0,0,0,0,0,0,0,0,0,0,0,0,0,0,0,0,0,0,0,25
2,6,Norfolk & Western,1365,1004,522,6204,6523,4254,39,199,10,710,55,3,343,910,39,820,75,210,180,320,260,210,350,290,0,450,0,200,91,82,176,121,133,160,160,91,213,82,100,0,0,48,37,33,49,43,0,64,0,20,0,0,0,0,0,0,0,0,0,0,0,0,0,0,0,0,0,0,0,0,0,0,25
2,7,Baltimore & Ohio,1590,1004,547,6510,6523,4288,39,199,10,710,55,3,343,910,39,820,75,250,180,320,260,210,350,290,0,450,0,200,100,82,176,121,133,160,160,91,213,82,100,34,0,48,37,33,49,43,0,64,0,20,0,0,0,0,0,0,0,0,0,0,0,0,0,0,0,0,0,0,0,0,0,0,25
2,8,New York New Haven & Hartford,1590,1094,547,6510,6703,4288,39,199,10,710,55,3,343,630,39,820,75,250,180,320,260,210,350,290,90,450,0,200,100,82,176,121,133,160,160,100,213,82,100,34,0,48,37,33,49,43,18,64,0,20,0,0,0,0,0,0,0,0,0,0,0,0,0,0,0,0,0,0,0,0,0,0,26
2,9,Boston & Maine,1770,1094,547,6690,6703,4288,39,199,10,710,55,3,343,630,39,820,75,250,180,320,260,210,350,290,90,450,0,200,100,82,176,121,133,160,160,100,213,82,100,34,18,48,37,33,49,43,18,64,0,20,0,0,0,0,0,0,0,0,0,0,0,0,0,0,0,0,0,0,0,0,0,0,26
2,10,Wabash,1770,1094,727,6690,6703,4558,39,199,10,710,55,3,343,630,39,250,75,250,180,320,260,210,350,290,90,450,180,200,100,82,176,121,133,160,160,100,213,91,100,34,18,48,37,33,49,43,18,64,27,20,0,0,0,0,0,0,0,0,0,0,0,0,0,0,0,0,0,0,0,0,0,0,27
3,0,Pennsylvania,1770,1486,825,6690,7263,4698,39,199,10,710,55,3,343,630,39,250,75,250,180,320,260,210,350,290,90,490,180,200,100,82,176,121,133,160,160,100,234,91,100,0,0,0,0,0,0,0,0,70,0,0,0,0,0,0,0,0,0,0,0,0,0,0,0,0,0,0,0,0,0,0,0,0,27
3,1,Chesapeake & Ohio,2110,1486,825,7210,7263,4698,39,199,10,710,55,3,343,630,39,250,75,250,180,340,260,210,350,290,90,490,180,200,100,82,194,121,133,160,160,100,234,91,100,0,0,52,0,0,0,0,0,70,0,0,0,0,0,0,0,0,0,0,0,0,0,0,0,0,0,0,0,0,0,0,0,0,27
3,2,New York Central,2344,1642,825,7540,7483,4698,39,199,10,710,55,3,343,630,39,250,75,250,180,340,260,210,390,290,90,490,180,200,100,82,194,121,133,176,160,100,234,91,100,0,0,52,0,0,55,0,0,70,0,0,0,0,0,0,0,0,0,0,0,0,0,0,0,0,0,0,0,0,0,0,0,0,27
3,3,Nickel Plate,2440,1834,857,7684,7771,4746,39,199,10,710,55,3,343,630,39,250,75,250,180,340,260,210,390,320,90,490,180,200,100,82,194,121,133,176,176,100,234,91,100,0,0,52,0,0,55,48,0,70,0,0,0,0,0,0,0,0,0,0,0,0,0,0,0,0,0,0,0,0,0,0,0,0,27
3,4,Erie,2440,1834,1097,7684,7771,5116,39,199,10,710,55,3,343,630,39,250,75,250,180,340,260,240,390,320,90,490,180,200,100,82,194,121,146,176,176,100,234,91,100,0,0,52,0,37,55,48,0,70,0,0,0,0,0,0,0,0,0,0,0,0,0,0,0,0,0,0,0,0,0,0,0,0,27
3,5,Illinois Central,2440,2004,1267,7684,8001,5346,39,199,10,340,55,3,343,630,39,250,75,250,180,340,340,240,390,320,90,490,180,200,100,82,194,133,146,176,176,100,234,91,100,0,0,52,46,37,55,48,0,70,0,0,0,0,0,0,0,0,0,0,0,0,0,0,0,0,0,0,0,0,0,0,0,0,28
3,6,Norfolk & Western,2440,2172,1339,7684,8239,5448,39,199,10,340,55,3,343,630,39,250,75,250,180,340,340,240,390,320,90,490,180,240,100,82,194,133,146,176,176,100,234,91,110,0,0,52,46,37,55,48,0,70,0,34,0,0,0,0,0,0,0,0,0,0,0,0,0,0,0,0,0,0,0,0,0,0,28
3,7,Baltimore & Ohio,2683,2172,1366,8017,8239,5485,39,199,10,340,55,3,343,630,39,250,75,270,180,340,340,240,390,320,90,490,180,240,110,82,194,133,146,176,176,100,234,91,110,37,0,52,46,37,55,48,0,70,0,34,0,0,0,0,0,0,0,0,0,0,0,0,0,0,0,0,0,0,0,0,0,0,28
3,8,New York New Haven & Hartford,2683,2342,1366,8017,8509,5485,39,199,10,340,55,3,343,570,39,250,75,270,180,340,340,240,390,320,170,490,180,240,110,82,194,133,146,176,176,110,234,91,110,37,0,52,46,37,55,48,27,70,0,34,0,0,0,0,0,0,0,0,0,0,0,0,0,0,0,0,0,0,0,0,0,0,28
3,9,Wabash,2683,2342,1666,8017,8509,5875,39,199,10,340,55,3,343,570,39,230,75,270,180,340,340,240,390,320,170,490,300,240,110,82,194,133,146,176,176,110,234,100,110,37,0,52,46,37,55,48,27,70,39,34,0,0,0,0,0,0,0,0,0,0,0,0,0,0,0,0,0,0,0,0,0,0,28
3,10,Boston & Maine,2883,2342,1666,8307,8509,5875,39,199,10,340,55,3,343,570,39,230,75,270,200,340,340,240,390,320,170,490,300,240,110,91,194,133,146,176,176,110,234,100,110,37,29,52,46,37,55,48,27,70,39,34,0,0,0,0,0,0,0,0,0,0,0,0,0,0,0,0,0,0,0,0,0,0,28
