SEQ,Round,Turn,Entity,Bob cash,Pete cash,Nel cash,Sue cash,Mal cash,Bob net,Pete net,Nel net,Sue net,Mal net,Baltimore & Ohio cash,Boston & Maine cash,Chesapeake & Ohio cash,Illinois Central cash,Erie cash,New York Central cash,Nickel Plate cash,New York New Haven & Hartford cash,Pennsylvania cash,Wabash cash,Baltimore & Ohio np,Boston & Maine np,Chesapeake & Ohio np,Illinois Central np,Erie np,New York Central np,Nickel Plate np,New York New Haven & Hartford np,Pennsylvania np,Wabash np,Baltimore & Ohio val,Boston & Maine val,Chesapeake & Ohio val,Illinois Central val,Erie val,New York Central val,Nickel Plate val,New York New Haven & Hartford val,Pennsylvania val,Wabash val,Baltimore & Ohio pps,Boston & Maine pps,Chesapeake & Ohio pps,Illinois Central pps,Erie pps,New York Central pps,Nickel Plate pps,New York New Haven & Hartford pps,Pennsylvania pps,Wabash pps,Baltimore & Ohio sh,Boston & Maine sh,Chesapeake & Ohio sh,Illinois Central sh,Erie sh,New York Central sh,Nickel Plate sh,New York New Haven & Hartford sh,Pennsylvania sh,Wabash sh,Baltimore & Ohio or,Boston & Maine or,Chesapeake & Ohio or,Illinois Central or,Erie or,New York Central or,Nickel Plate or,New York New Haven & Hartford or,Pennsylvania or,Wabash or,Train ,Baltimore & Ohio or,Boston & Maine or,Chesapeake & Ohio or,Illinois Central or,Erie or,New York Central or,Nickel Plate or,New York New Haven & Hartford or,Pennsylvania or,Wabash or
1,1,0,Pete,300,0,300,300,300,300,300,300,300,300,0,0,0,0,0,0,0,0,300,0,0,0,0,0,0,0,0,0,0,0,34,34,34,34,34,34,34,34,60,34,0,0,0,0,0,0,0,0,0,0,10,10,10,10,10,10,10,10,5,10,0,0,0,0,0,0,0,0,0,0,1,0.00,0.00,0.00,0.00,0.00,0.00,0.00,0.00,0.00,0.00
5,1,4,Sue,0,0,36,180,240,300,300,300,300,300,420,0,0,0,0,264,0,0,360,0,0,0,0,0,0,0,0,0,0,0,60,34,34,34,34,66,34,34,60,34,0,0,0,0,0,0,0,0,0,0,3,10,10,10,10,6,10,10,4,10,0,0,0,0,0,0,0,0,0,0,1,0.00,0.00,0.00,0.00,0.00,0.00,0.00,0.00,0.00,0.00
10,1,4,Sue,0,0,36,114,120,300,300,300,300,300,420,0,0,0,0,330,0,0,480,0,0,0,0,0,0,0,0,0,0,0,60,34,34,34,34,66,34,34,60,34,0,0,0,0,0,0,0,0,0,0,3,10,10,10,10,5,10,10,2,10,0,0,0,0,0,0,0,0,0,0,1,0.00,0.00,0.00,0.00,0.00,0.00,0.00,0.00,0.00,0.00
15,1,4,Sue,0,0,36,54,0,300,300,300,300,300,540,0,0,0,0,330,0,0,540,0,0,0,0,0,0,0,0,0,0,0,60,34,34,34,34,66,34,34,60,34,0,0,0,0,0,0,0,0,0,0,1,10,10,10,10,5,10,10,1,10,0,0,0,0,0,0,0,0,0,0,1,0.00,0.00,0.00,0.00,0.00,0.00,0.00,0.00,0.00,0.00
20,1,4,Sue,0,0,36,54,0,300,300,300,300,300,540,0,0,0,0,330,0,0,540,0,0,0,0,0,0,0,0,0,0,0,60,34,34,34,34,66,34,34,60,34,0,0,0,0,0,0,0,0,0,0,1,10,10,10,10,5,10,10,1,10,0,0,0,0,0,0,0,0,0,0,1,0.00,0.00,0.00,0.00,0.00,0.00,0.00,0.00,0.00,0.00
21,2,0,New York Central,0,0,44,56,0,300,300,340,310,300,540,0,0,0,0,200,0,0,540,0,0,0,0,0,0,20,0,0,0,0,60,34,34,34,34,74,34,34,60,34,0,0,0,0,0,10,0,0,0,0,1,10,10,10,10,5,10,10,1,10,0,0,0,0,0,0,0,0,0,0,2,0.00,0.00,0.00,0.00,0.00,0.27,0.00,0.00,0.00,0.00
22,2,1,Pennsylvania,0,10,44,58,6,300,340,340,318,324,540,0,0,0,0,200,0,0,427,0,0,0,0,0,0,20,0,0,20,0,60,34,34,34,34,74,34,34,66,34,0,0,0,0,0,10,0,0,8,0,1,10,10,10,10,5,10,10,1,10,0,0,0,0,0,0,0,0,0,0,3,0.00,0.00,0.00,0.00,0.00,0.27,0.00,0.00,0.30,0.00
23,2,2,Baltimore & Ohio,5,10,44,60,8,335,340,340,332,338,441,0,0,0,0,200,0,0,427,0,10,0,0,0,0,20,0,0,20,0,66,34,34,34,34,74,34,34,66,34,7,0,0,0,0,10,0,0,8,0,1,10,10,10,10,5,10,10,1,10,0,0,0,0,0,0,0,0,0,0,4,0.15,0.00,0.00,0.00,0.00,0.27,0.00,0.00,0.30,0.00
24,3,0,New York Central,5,10,60,64,8,335,340,388,344,338,441,0,0,0,0,75,0,0,427,0,10,0,0,0,0,40,0,0,20,0,66,34,34,34,34,82,34,34,66,34,0,0,0,0,0,12,0,0,0,0,1,10,10,10,10,5,10,10,1,10,0,0,0,0,0,0,0,0,0,0,5,0.15,0.00,0.00,0.00,0.00,0.49,0.00,0.00,0.30,0.00
25,3,1,Pennsylvania,5,20,60,66,14,335,350,388,346,344,441,0,0,0,0,75,0,0,409,0,10,0,0,0,0,40,0,0,20,0,66,34,34,34,34,82,34,34,66,34,0,0,0,0,0,12,0,0,2,0,1,10,10,10,10,5,10,10,1,10,0,0,0,0,0,0,0,0,0,0,5,0.15,0.00,0.00,0.00,0.00,0.49,0.00,0.00,0.30,0.00
26,3,2,Baltimore & Ohio,10,20,60,68,16,340,350,388,348,346,422,0,0,0,0,75,0,0,409,0,10,0,0,0,0,40,0,0,20,0,66,34,34,34,34,82,34,34,66,34,1,0,0,0,0,12,0,0,2,0,1,10,10,10,10,5,10,10,1,10,0,0,0,0,0,0,0,0,0,0,5,0.15,0.00,0.00,0.00,0.00,0.49,0.00,0.00,0.30,0.00
31,1,4,Sue,10,20,60,2,16,340,350,388,348,346,422,0,0,0,0,75,0,0,475,0,10,0,0,0,0,40,0,0,20,0,66,34,34,34,34,82,34,34,66,34,0,0,0,0,0,0,0,0,0,0,1,10,10,10,10,5,10,10,0,10,0,0,0,0,0,0,0,0,0,0,5,0.15,0.00,0.00,0.00,0.00,0.49,0.00,0.00,0.30,0.00
36,1,4,Sue,10,20,60,2,16,340,350,388,348,346,422,0,0,0,0,75,0,0,475,0,10,0,0,0,0,40,0,0,20,0,66,34,34,34,34,82,34,34,66,34,0,0,0,0,0,0,0,0,0,0,1,10,10,10,10,5,10,10,0,10,0,0,0,0,0,0,0,0,0,0,5,0.15,0.00,0.00,0.00,0.00,0.49,0.00,0.00,0.30,0.00
37,2,0,New York Central,10,20,76,6,16,340,350,404,352,346,422,0,0,0,0,85,0,0,475,0,10,0,0,0,0,40,0,0,20,0,66,34,34,34,34,82,34,34,66,34,0,0,0,0,0,4,0,0,0,0,1,10,10,10,10,5,10,10,0,10,0,0,0,0,0,0,0,0,0,0,5,0.15,0.00,0.00,0.00,0.00,0.49,0.00,0.00,0.30,0.00
38,2,1,Pennsylvania,10,30,76,10,22,340,360,404,356,352,422,0,0,0,0,85,0,0,395,0,10,0,0,0,0,40,0,0,20,0,66,34,34,34,34,82,34,34,66,34,0,0,0,0,0,4,0,0,2,0,1,10,10,10,10,5,10,10,0,10,0,0,0,0,0,0,0,0,0,0,5,0.15,0.00,0.00,0.00,0.00,0.49,0.00,0.00,0.30,0.00
39,2,2,Baltimore & Ohio,15,30,76,12,24,345,360,404,358,354,363,0,0,0,0,85,0,0,395,0,10,0,0,0,0,40,0,0,20,0,66,34,34,34,34,82,34,34,66,34,1,0,0,0,0,4,0,0,2,0,1,10,10,10,10,5,10,10,0,10,0,0,0,0,0,0,0,0,0,0,5,0.15,0.00,0.00,0.00,0.00,0.49,0.00,0.00,0.30,0.00
40,3,0,New York Central,15,30,92,16,24,345,360,420,362,354,363,0,0,0,0,95,0,0,395,0,10,0,0,0,0,40,0,0,20,0,66,34,34,34,34,82,34,34,66,34,0,0,0,0,0,4,0,0,0,0,1,10,10,10,10,5,10,10,0,10,0,0,0,0,0,0,0,0,0,0,5,0.15,0.00,0.00,0.00,0.00,0.49,0.00,0.00,0.30,0.00
41,3,1,Pennsylvania,15,60,92,28,42,345,430,420,390,396,363,0,0,0,0,95,0,0,395,0,10,0,0,0,0,40,0,0,60,0,66,34,34,34,34,82,34,34,74,34,0,0,0,0,0,4,0,0,14,0,1,10,10,10,10,5,10,10,0,10,0,0,0,0,0,0,0,0,0,0,5,0.15,0.00,0.00,0.00,0.00,0.49,0.00,0.00,0.81,0.00
42,3,2,Baltimore & Ohio,40,60,92,38,52,410,430,420,416,422,368,0,0,0,0,95,0,0,395,0,50,0,0,0,0,40,0,0,60,0,74,34,34,34,34,82,34,34,74,34,13,0,0,0,0,4,0,0,14,0,1,10,10,10,10,5,10,10,0,10,0,0,0,0,0,0,0,0,0,0,5,0.68,0.00,0.00,0.00,0.00,0.49,0.00,0.00,0.81,0.00
47,1,4,Nel,40,60,10,38,36,370,430,420,400,422,368,0,0,0,0,341,0,0,395,0,50,0,0,0,0,40,0,0,60,0,66,34,34,34,34,82,34,34,74,34,-8,0,0,0,0,0,0,0,0,0,1,10,10,10,10,2,10,10,0,10,2,0,0,0,0,0,0,0,0,0,5,0.76,0.00,0.00,0.00,0.00,0.49,0.00,0.00,0.81,0.00
52,1,4,Nel,40,0,10,6,36,340,430,420,400,422,188,0,0,0,0,505,0,0,395,0,50,0,0,0,0,40,0,0,60,0,60,34,34,34,34,82,34,34,74,34,-14,0,0,0,0,0,0,0,0,0,4,10,10,10,10,0,10,10,0,10,0,0,0,0,0,0,0,0,0,0,5,0.83,0.00,0.00,0.00,0.00,0.49,0.00,0.00,0.81,0.00
57,1,4,Nel,40,0,10,6,36,340,430,420,400,422,188,0,0,0,0,505,0,0,395,0,50,0,0,0,0,40,0,0,60,0,60,34,34,34,34,82,34,34,74,34,-14,0,0,0,0,0,0,0,0,0,4,10,10,10,10,0,10,10,0,10,0,0,0,0,0,0,0,0,0,0,5,0.83,0.00,0.00,0.00,0.00,0.49,0.00,0.00,0.81,0.00
58,2,0,New York Central,40,0,45,27,50,340,430,500,448,454,188,0,0,0,0,275,0,0,395,0,50,0,0,0,0,70,0,0,60,0,60,34,34,34,34,91,34,34,74,34,0,0,0,0,0,16,0,0,0,0,4,10,10,10,10,0,10,10,0,10,0,0,0,0,0,0,0,0,0,0,7,0.83,0.00,0.00,0.00,0.00,0.77,0.00,0.00,0.81,0.00
59,2,1,Pennsylvania,40,40,45,43,74,340,510,500,480,502,188,0,0,0,0,275,0,0,185,0,50,0,0,0,0,70,0,0,80,0,60,34,34,34,34,91,34,34,82,34,0,0,0,0,0,16,0,0,16,0,4,10,10,10,10,0,10,10,0,10,0,0,0,0,0,0,0,0,0,0,8,0.83,0.00,0.00,0.00,0.00,0.77,0.00,0.00,0.98,0.00
60,2,2,Baltimore & Ohio,65,45,45,43,74,365,515,500,480,502,108,0,0,0,0,275,0,0,185,0,50,0,0,0,0,70,0,0,80,0,60,34,34,34,34,91,34,34,82,34,5,0,0,0,0,16,0,0,16,0,4,10,10,10,10,0,10,10,0,10,0,0,0,0,0,0,0,0,0,0,8,0.83,0.00,0.00,0.00,0.00,0.77,0.00,0.00,0.98,0.00
61,3,0,New York Central,65,45,85,67,90,365,515,585,531,536,108,0,0,0,0,255,0,0,185,0,50,0,0,0,0,80,0,0,80,0,60,34,34,34,34,100,34,34,82,34,0,0,0,0,0,17,0,0,0,0,4,10,10,10,10,0,10,10,0,10,0,0,0,0,0,0,0,0,0,0,8,0.83,0.00,0.00,0.00,0.00,0.80,0.00,0.00,0.98,0.00
62,3,1,Pennsylvania,65,95,85,87,120,365,610,585,569,593,108,0,0,0,0,255,0,0,165,0,50,0,0,0,0,80,0,0,100,0,60,34,34,34,34,100,34,34,91,34,0,0,0,0,0,17,0,0,19,0,4,10,10,10,10,0,10,10,0,10,0,0,0,0,0,0,0,0,0,0,8,0.83,0.00,0.00,0.00,0.00,0.80,0.00,0.00,1.10,0.00
63,3,2,Baltimore & Ohio,110,104,85,87,120,440,625,585,569,593,144,0,0,0,0,255,0,0,165,0,90,0,0,0,0,80,0,0,100,0,66,34,34,34,34,100,34,34,91,34,15,0,0,0,0,17,0,0,19,0,4,10,10,10,10,0,10,10,0,10,0,0,0,0,0,0,0,0,0,0,8,1.36,0.00,0.00,0.00,0.00,0.80,0.00,0.00,1.10,0.00
68,1,4,Mal,44,38,19,21,120,440,625,585,569,593,408,0,0,0,0,255,0,0,165,0,90,0,0,0,0,80,0,0,100,0,66,34,34,34,34,100,34,34,91,34,0,0,0,0,0,0,0,0,0,0,0,10,10,10,10,0,10,10,0,10,0,0,0,0,0,0,0,0,0,0,8,1.36,0.00,0.00,0.00,0.00,0.80,0.00,0.00,1.10,0.00
73,1,4,Mal,44,38,19,21,120,440,625,585,569,593,408,0,0,0,0,255,0,0,165,0,90,0,0,0,0,80,0,0,100,0,66,34,34,34,34,100,34,34,91,34,0,0,0,0,0,0,0,0,0,0,0,10,10,10,10,0,10,10,0,10,0,0,0,0,0,0,0,0,0,0,8,1.36,0.00,0.00,0.00,0.00,0.80,0.00,0.00,1.10,0.00
74,2,0,New York Central,44,38,74,54,142,440,625,690,632,635,408,0,0,0,0,115,0,0,165,0,90,0,0,0,0,110,0,0,100,0,66,34,34,34,34,110,34,34,91,34,0,0,0,0,0,21,0,0,0,0,0,10,10,10,10,0,10,10,0,10,0,0,0,0,0,0,0,0,0,0,9,1.36,0.00,0.00,0.00,0.00,1.00,0.00,0.00,1.10,0.00
75,2,1,Pennsylvania,44,103,74,80,181,440,735,690,676,701,408,0,0,0,0,115,0,0,5,0,90,0,0,0,0,110,0,0,130,0,66,34,34,34,34,110,34,34,100,34,0,0,0,0,0,21,0,0,22,0,0,10,10,10,10,0,10,10,0,10,0,0,0,0,0,0,0,0,0,0,10,1.36,0.00,0.00,0.00,0.00,1.00,0.00,0.00,1.30,0.00
76,2,2,Baltimore & Ohio,116,127,86,92,181,560,775,710,696,701,168,0,0,0,0,115,0,0,5,0,120,0,0,0,0,110,0,0,130,0,74,34,34,34,34,110,34,34,100,34,20,0,0,0,0,21,0,0,22,0,0,10,10,10,10,0,10,10,0,10,0,0,0,0,0,0,0,0,0,0,11,1.62,0.00,0.00,0.00,0.00,1.00,0.00,0.00,1.30,0.00
77,3,0,New York Central,116,127,146,128,205,560,775,825,765,747,168,0,0,0,0,95,0,0,5,0,120,0,0,0,0,120,0,0,130,0,74,34,34,34,34,121,34,34,100,34,0,0,0,0,0,23,0,0,0,0,0,10,10,10,10,0,10,10,0,10,0,0,0,0,0,0,0,0,0,0,11,1.62,0.00,0.00,0.00,0.00,0.99,0.00,0.00,1.30,0.00
78,3,1,Pennsylvania,116,197,146,156,247,560,895,825,813,819,168,0,0,0,0,95,0,0,5,0,120,0,0,0,0,120,0,0,140,0,74,34,34,34,34,121,34,34,110,34,0,0,0,0,0,23,0,0,24,0,0,10,10,10,10,0,10,10,0,10,0,0,0,0,0,0,0,0,0,0,11,1.62,0.00,0.00,0.00,0.00,0.99,0.00,0.00,1.27,0.00
79,3,2,Baltimore & Ohio,212,229,162,172,247,704,943,849,837,819,168,0,0,0,0,95,0,0,5,0,160,0,0,0,0,120,0,0,140,0,82,34,34,34,34,121,34,34,110,34,24,0,0,0,0,23,0,0,24,0,0,10,10,10,10,0,10,10,0,10,0,0,0,0,0,0,0,0,0,0,11,1.95,0.00,0.00,0.00,0.00,0.99,0.00,0.00,1.27,0.00
84,1,4,Mal,212,29,162,22,177,704,830,849,837,789,168,0,740,0,0,95,0,0,5,0,160,0,0,0,0,120,0,0,140,0,82,34,74,34,34,121,34,34,91,34,0,0,0,0,0,0,0,0,-19,0,0,10,0,10,10,0,10,10,0,10,0,0,0,0,0,0,0,0,3,0,11,1.95,0.00,0.00,0.00,0.00,0.99,0.00,0.00,1.54,0.00
89,1,4,Mal,64,11,14,22,29,656,830,841,829,789,168,444,740,0,0,95,0,0,5,0,160,0,0,0,0,120,0,0,140,0,74,74,74,34,34,121,34,34,91,34,-8,0,0,0,0,0,0,0,-19,0,0,4,0,10,10,0,10,10,0,10,2,0,0,0,0,0,0,0,1,0,11,2.16,0.00,0.00,0.00,0.00,0.99,0.00,0.00,1.54,0.00
94,1,4,Mal,64,11,14,22,29,656,830,825,829,773,168,444,740,0,0,95,0,0,5,0,160,0,0,0,0,120,0,0,140,0,74,66,74,34,34,121,34,34,91,34,-8,-8,0,0,0,0,0,0,-19,0,0,4,0,10,10,0,10,10,0,10,0,2,0,0,0,0,0,0,1,0,11,2.16,0.00,0.00,0.00,0.00,0.99,0.00,0.00,1.54,0.00
99,1,4,Mal,64,11,14,22,29,656,830,825,829,773,168,312,740,0,0,95,0,0,5,0,160,0,0,0,0,120,0,0,140,0,74,66,74,34,34,121,34,34,91,34,-8,-8,0,0,0,0,0,0,-19,0,0,6,0,10,10,0,10,10,0,10,0,0,0,0,0,0,0,0,1,0,11,2.16,0.00,0.00,0.00,0.00,0.99,0.00,0.00,1.54,0.00
104,1,4,Mal,64,11,14,22,29,656,830,825,829,773,168,312,740,0,0,95,0,0,5,0,160,0,0,0,0,120,0,0,140,0,74,66,74,34,34,121,34,34,91,34,-8,-8,0,0,0,0,0,0,-19,0,0,6,0,10,10,0,10,10,0,10,0,0,0,0,0,0,0,0,1,0,11,2.16,0.00,0.00,0.00,0.00,0.99,0.00,0.00,1.54,0.00
105,2,0,New York Central,64,11,14,22,29,656,749,825,829,773,168,312,740,0,0,195,0,0,5,0,160,0,0,0,0,120,0,0,140,0,74,66,74,34,34,121,34,34,82,34,0,0,0,0,0,0,0,0,0,0,0,6,0,10,10,0,10,10,0,10,0,0,0,0,0,0,0,0,1,0,11,2.16,0.00,0.00,0.00,0.00,0.99,0.00,0.00,1.71,0.00
106,2,1,Pennsylvania,64,11,14,22,29,656,749,825,829,773,168,312,740,0,0,195,0,0,145,0,160,0,0,0,0,120,0,0,140,0,74,66,74,34,34,121,34,34,82,34,0,0,0,0,0,0,0,0,0,0,0,6,0,10,10,0,10,10,0,10,0,0,0,0,0,0,0,0,1,0,11,2.16,0.00,0.00,0.00,0.00,0.99,0.00,0.00,1.71,0.00
107,2,2,Baltimore & Ohio,64,11,14,22,29,656,749,825,829,773,248,312,740,0,0,195,0,0,145,0,160,0,0,0,0,120,0,0,140,0,74,66,74,34,34,121,34,34,82,34,0,0,0,0,0,0,0,0,0,0,0,6,0,10,10,0,10,10,0,10,0,0,0,0,0,0,0,0,1,0,11,2.16,0.00,0.00,0.00,0.00,0.99,0.00,0.00,1.71,0.00
108,2,3,Chesapeake & Ohio,64,11,14,57,64,656,749,825,904,848,248,312,490,0,0,195,0,0,145,0,160,0,70,0,0,120,0,0,140,0,74,66,82,34,34,121,34,34,82,34,0,0,15,0,0,0,0,0,0,0,0,6,0,10,10,0,10,10,0,10,0,0,0,0,0,0,0,0,1,0,12,2.16,0.00,0.85,0.00,0.00,0.99,0.00,0.00,1.71,0.00
109,2,4,Boston & Maine,64,11,30,57,80,656,749,857,904,880,248,95,490,0,0,195,0,0,145,0,160,80,70,0,0,120,0,0,140,0,74,74,82,34,34,121,34,34,82,34,0,16,15,0,0,0,0,0,0,0,0,6,0,10,10,0,10,10,0,10,0,0,0,0,0,0,0,0,1,0,13,2.16,1.08,0.85,0.00,0.00,0.99,0.00,0.00,1.71,0.00
110,3,0,New York Central,64,11,120,111,116,656,749,1007,994,940,248,95,490,0,0,35,0,0,145,0,160,80,70,0,0,180,0,0,140,0,74,74,82,34,34,133,34,34,82,34,0,0,0,0,0,30,0,0,0,0,0,6,0,10,10,0,10,10,0,10,0,0,0,0,0,0,0,0,1,0,14,2.16,1.08,0.85,0.00,0.00,1.35,0.00,0.00,1.71,0.00
111,3,1,Pennsylvania,64,182,120,111,116,656,1001,1007,994,940,248,95,490,0,0,35,0,0,0,0,160,80,70,0,0,180,0,0,190,0,74,74,82,34,34,133,34,34,91,34,0,0,0,0,0,30,0,0,28,0,0,6,0,10,10,0,10,10,0,10,0,0,0,0,0,0,0,0,1,0,15,2.16,1.08,0.85,0.00,0.00,1.35,0.00,0.00,2.09,0.00
112,3,2,Chesapeake & Ohio,64,182,120,156,161,656,1001,1007,1084,1030,248,95,335,0,0,35,0,0,0,0,160,80,90,0,0,180,0,0,190,0,74,74,91,34,34,133,34,34,91,34,0,0,18,0,0,30,0,0,28,0,0,6,0,10,10,0,10,10,0,10,0,0,0,0,0,0,0,0,1,0,16,2.16,1.08,0.99,0.00,0.00,1.35,0.00,0.00,2.09,0.00
113,3,3,Baltimore & Ohio,224,182,140,176,161,880,1001,1035,1112,1030,248,95,335,0,0,35,0,0,0,0,200,80,90,0,0,180,0,0,190,0,82,74,91,34,34,133,34,34,91,34,28,0,18,0,0,30,0,0,28,0,0,6,0,10,10,0,10,10,0,10,0,0,0,0,0,0,0,0,1,0,16,2.44,1.08,0.99,0.00,0.00,1.35,0.00,0.00,2.09,0.00
114,3,4,Boston & Maine,224,182,160,176,181,880,1001,1071,1112,1066,248,75,335,0,0,35,0,0,0,0,200,100,90,0,0,180,0,0,190,0,82,82,91,34,34,133,34,34,91,34,28,18,18,0,0,30,0,0,28,0,0,6,0,10,10,0,10,10,0,10,0,0,0,0,0,0,0,0,1,0,16,2.44,1.22,0.99,0.00,0.00,1.35,0.00,0.00,2.09,0.00
119,1,4,Bob,2,91,28,28,33,880,1001,1071,1112,1050,248,75,335,0,0,35,666,0,0,0,200,100,90,0,0,180,0,0,190,0,82,74,91,34,34,133,74,34,91,34,0,-8,0,0,0,0,0,0,0,0,0,6,0,10,10,0,1,10,0,10,0,0,0,0,0,0,0,0,0,0,16,2.44,1.35,0.99,0.00,0.00,1.35,0.00,0.00,2.09,0.00
124,1,4,Bob,2,17,28,28,33,880,1001,1071,1112,1050,248,75,335,0,0,35,740,0,0,0,200,100,90,0,0,180,0,0,190,0,82,74,91,34,34,133,74,34,91,34,0,-8,0,0,0,0,0,0,0,0,0,6,0,10,10,0,0,10,0,10,0,0,0,0,0,0,0,0,0,0,16,2.44,1.35,0.99,0.00,0.00,1.35,0.00,0.00,2.09,0.00
129,1,4,Bob,2,17,28,28,33,880,1001,1071,1112,1050,248,75,335,0,0,35,740,0,0,0,200,100,90,0,0,180,0,0,190,0,82,74,91,34,34,133,74,34,91,34,0,-8,0,0,0,0,0,0,0,0,0,6,0,10,10,0,0,10,0,10,0,0,0,0,0,0,0,0,0,0,16,2.44,1.35,0.99,0.00,0.00,1.35,0.00,0.00,2.09,0.00
130,2,0,New York Central,2,17,128,88,73,880,1001,1236,1211,1116,248,75,335,0,0,15,740,0,0,0,200,100,90,0,0,200,0,0,190,0,82,74,91,34,34,146,74,34,91,34,0,0,0,0,0,33,0,0,0,0,0,6,0,10,10,0,0,10,0,10,0,0,0,0,0,0,0,0,0,0,16,2.44,1.35,0.99,0.00,0.00,1.37,0.00,0.00,2.09,0.00
131,2,1,Pennsylvania,2,17,128,88,73,880,1001,1236,1211,1116,248,75,335,0,0,15,740,0,190,0,200,100,90,0,0,200,0,0,190,0,82,74,91,34,34,146,74,34,91,34,0,0,0,0,0,33,0,0,0,0,0,6,0,10,10,0,0,10,0,10,0,0,0,0,0,0,0,0,0,0,16,2.44,1.35,0.99,0.00,0.00,1.37,0.00,0.00,2.09,0.00
132,2,2,Chesapeake & Ohio,2,17,128,183,168,880,1001,1236,1351,1256,248,75,25,0,0,15,740,0,190,0,200,100,190,0,0,200,0,0,190,0,82,74,100,34,34,146,74,34,91,34,0,0,28,0,0,33,0,0,0,0,0,6,0,10,10,0,0,10,0,10,0,0,0,0,0,0,0,0,0,0,17,2.44,1.35,1.90,0.00,0.00,1.37,0.00,0.00,2.09,0.00
133,2,3,Baltimore & Ohio,194,17,152,207,168,1144,1001,1269,1384,1256,198,75,25,0,0,15,740,0,190,0,240,100,190,0,0,200,0,0,190,0,91,74,100,34,34,146,74,34,91,34,33,0,28,0,0,33,0,0,0,0,0,6,0,10,10,0,0,10,0,10,0,0,0,0,0,0,0,0,0,0,17,2.64,1.35,1.90,0.00,0.00,1.37,0.00,0.00,2.09,0.00
134,2,4,Boston & Maine,194,17,152,207,208,1144,1001,1269,1384,1296,198,135,25,0,0,15,740,0,190,0,240,100,190,0,0,200,0,0,190,0,91,74,100,34,34,146,74,34,91,34,33,10,28,0,0,33,0,0,0,0,0,6,0,10,10,0,0,10,0,10,0,0,0,0,0,0,0,0,0,0,17,2.64,1.35,1.90,0.00,0.00,1.37,0.00,0.00,2.09,0.00
135,2,5,Nickel Plate,224,27,192,227,208,1198,1019,1341,1420,1296,198,135,25,0,0,15,480,0,190,0,240,100,190,0,0,200,100,0,190,0,91,74,100,34,34,146,82,34,91,34,33,10,28,0,0,33,18,0,0,0,0,6,0,10,10,0,0,10,0,10,0,0,0,0,0,0,0,0,0,0,18,2.64,1.35,1.90,0.00,0.00,1.37,1.22,0.00,2.09,0.00
136,3,0,New York Central,224,27,307,296,254,1198,1019,1526,1531,1370,198,135,25,0,0,15,480,0,190,0,240,100,190,0,0,230,100,0,190,0,91,74,100,34,34,160,82,34,91,34,0,0,0,0,0,37,0,0,0,0,0,6,0,10,10,0,0,10,0,10,0,0,0,0,0,0,0,0,0,0,18,2.64,1.35,1.90,0.00,0.00,1.44,1.22,0.00,2.09,0.00
137,3,1,Chesapeake & Ohio,224,27,307,296,254,1198,1019,1526,1531,1370,198,135,215,0,0,15,480,0,190,0,240,100,190,0,0,230,100,0,190,0,91,74,100,34,34,160,82,34,91,34,0,0,0,0,0,37,0,0,0,0,0,6,0,10,10,0,0,10,0,10,0,0,0,0,0,0,0,0,0,0,18,2.64,1.35,1.90,0.00,0.00,1.44,1.22,0.00,2.09,0.00
138,3,2,Pennsylvania,224,267,307,296,254,1198,1349,1526,1531,1370,198,135,215,0,0,15,480,0,150,0,240,100,190,0,0,230,100,0,240,0,91,74,100,34,34,160,82,34,100,34,0,0,0,0,0,37,0,0,33,0,0,6,0,10,10,0,0,10,0,10,0,0,0,0,0,0,0,0,0,0,18,2.64,1.35,1.90,0.00,0.00,1.44,1.22,0.00,2.40,0.00
139,3,3,Baltimore & Ohio,424,267,332,321,254,1470,1349,1560,1565,1370,158,135,215,0,0,15,480,0,150,0,250,100,190,0,0,230,100,0,240,0,100,74,100,34,34,160,82,34,100,34,34,0,0,0,0,37,0,0,33,0,0,6,0,10,10,0,0,10,0,10,0,0,0,0,0,0,0,0,0,0,18,2.50,1.35,1.90,0.00,0.00,1.44,1.22,0.00,2.40,0.00
140,3,4,Nickel Plate,472,283,396,353,254,1545,1374,1660,1615,1370,158,135,215,0,0,15,440,0,150,0,250,100,190,0,0,230,160,0,240,0,100,74,100,34,34,160,91,34,100,34,34,0,0,0,0,37,25,0,33,0,0,6,0,10,10,0,0,10,0,10,0,0,0,0,0,0,0,0,0,0,18,2.50,1.35,1.90,0.00,0.00,1.44,1.76,0.00,2.40,0.00
141,3,5,Boston & Maine,472,283,396,353,294,1545,1374,1660,1615,1410,158,195,215,0,0,15,440,0,150,0,250,100,190,0,0,230,160,0,240,0,100,74,100,34,34,160,91,34,100,34,34,10,0,0,0,37,25,0,33,0,0,6,0,10,10,0,0,10,0,10,0,0,0,0,0,0,0,0,0,0,18,2.50,1.35,1.90,0.00,0.00,1.44,1.76,0.00,2.40,0.00
146,1,4,Bob,62,283,26,25,294,1545,1374,1660,1615,1410,158,195,215,370,738,15,440,0,150,0,250,100,190,0,0,230,160,0,240,0,100,74,100,74,82,160,91,34,100,34,0,0,0,0,0,0,0,0,0,0,0,6,0,5,1,0,0,10,0,10,0,0,0,0,0,0,0,0,0,0,18,2.50,1.35,1.90,0.00,0.00,1.44,1.76,0.00,2.40,0.00
151,1,4,Bob,28,61,208,61,68,1494,1357,1554,1541,1410,158,195,215,592,738,15,440,0,150,546,250,100,190,0,0,230,160,0,240,0,100,74,100,74,74,146,74,34,100,91,0,0,0,0,-8,-14,-17,0,0,0,0,6,0,2,1,0,0,10,0,4,0,0,0,0,5,0,0,0,0,0,18,2.50,1.35,1.90,0.00,0.00,1.58,2.16,0.00,2.40,0.00
156,1,4,Bob,28,61,46,190,204,1494,1333,1476,1496,1410,158,195,215,592,738,15,440,0,150,910,250,100,190,0,0,230,160,0,240,0,100,74,91,66,74,133,74,34,100,91,0,0,-9,-8,-8,-27,-17,0,0,0,0,6,0,2,1,0,0,10,0,0,0,0,0,5,5,0,0,0,0,0,18,2.50,1.35,2.09,0.00,0.00,1.73,2.16,0.00,2.40,0.00
161,1,4,Bob,28,3,46,68,56,1350,1333,1467,1496,1410,67,195,215,724,812,15,440,0,150,910,250,100,190,0,0,230,160,0,240,0,91,74,91,66,74,133,66,34,100,91,-9,0,-9,-8,-8,-27,-25,0,0,0,1,6,0,0,0,0,0,10,0,0,0,0,0,5,1,0,1,0,0,0,18,2.75,1.35,2.09,0.00,0.00,1.73,2.42,0.00,2.40,0.00
166,1,4,Bob,28,3,46,68,56,1350,1333,1467,1496,1410,67,195,215,394,738,15,374,0,150,910,250,100,190,0,0,230,160,0,240,0,91,74,91,66,74,133,66,34,100,91,-9,0,-9,-8,-8,-27,-25,0,0,0,1,6,0,5,1,0,1,10,0,0,0,0,0,0,0,0,0,0,0,0,18,2.75,1.35,2.09,0.00,0.00,1.73,2.42,0.00,2.40,0.00
171,1,4,Bob,28,3,46,2,56,1350,1333,1467,1496,1410,67,195,215,460,738,15,374,0,150,910,250,100,190,0,0,230,160,0,240,0,91,74,91,66,74,133,66,34,100,91,-9,0,-9,-8,-8,-27,-25,0,0,0,1,6,0,4,1,0,1,10,0,0,0,0,0,0,0,0,0,0,0,0,18,2.75,1.35,2.09,0.00,0.00,1.73,2.42,0.00,2.40,0.00
176,1,4,Bob,28,3,46,2,56,1350,1333,1467,1496,1410,67,195,215,460,738,15,374,0,150,910,250,100,190,0,0,230,160,0,240,0,91,74,91,66,74,133,66,34,100,91,-9,0,-9,-8,-8,-27,-25,0,0,0,1,6,0,4,1,0,1,10,0,0,0,0,0,0,0,0,0,0,0,0,18,2.75,1.35,2.09,0.00,0.00,1.73,2.42,0.00,2.40,0.00
177,2,0,New York Central,28,3,286,2,56,1350,1333,1837,1496,1410,67,195,215,460,738,15,374,0,150,910,250,100,190,0,0,240,160,0,240,0,91,74,91,66,74,146,66,34,100,91,0,0,0,0,0,37,0,0,0,0,1,6,0,4,1,0,1,10,0,0,0,0,0,0,0,0,0,0,0,0,18,2.75,1.35,2.09,0.00,0.00,1.64,2.42,0.00,2.40,0.00
178,2,1,Pennsylvania,28,253,286,2,56,1350,1683,1837,1496,1410,67,195,215,460,738,15,374,0,150,910,250,100,190,0,0,240,160,0,250,0,91,74,91,66,74,146,66,34,110,91,0,0,0,0,0,37,0,0,35,0,1,6,0,4,1,0,1,10,0,0,0,0,0,0,0,0,0,0,0,0,18,2.75,1.35,2.09,0.00,0.00,1.64,2.42,0.00,2.27,0.00
179,2,2,Baltimore & Ohio,28,253,286,2,56,1350,1683,1837,1496,1410,317,195,215,460,738,15,374,0,150,910,250,100,190,0,0,240,160,0,250,0,91,74,91,66,74,146,66,34,110,91,0,0,0,0,0,37,0,0,35,0,1,6,0,4,1,0,1,10,0,0,0,0,0,0,0,0,0,0,0,0,18,2.75,1.35,2.09,0.00,0.00,1.64,2.42,0.00,2.27,0.00
180,2,3,Chesapeake & Ohio,28,253,286,202,56,1350,1683,1837,1786,1410,317,195,115,460,738,15,374,0,150,910,250,100,200,0,0,240,160,0,250,0,91,74,100,66,74,146,66,34,110,91,0,0,29,0,0,37,0,0,35,0,1,6,0,4,1,0,1,10,0,0,0,0,0,0,0,0,0,0,0,0,18,2.75,1.35,2.00,0.00,0.00,1.64,2.42,0.00,2.27,0.00
181,2,4,Wabash,28,253,286,202,86,1350,1683,1837,1786,1530,317,195,115,460,738,15,374,0,150,640,250,100,200,0,0,240,160,0,250,30,91,74,100,66,74,146,66,34,110,100,0,0,29,0,0,37,0,0,35,12,1,6,0,4,1,0,1,10,0,0,0,0,0,0,0,0,0,0,0,0,19,2.75,1.35,2.00,0.00,0.00,1.64,2.42,0.00,2.27,0.30
182,2,5,Erie,28,253,286,265,104,1350,1683,1837,1905,1564,317,195,115,460,457,15,374,0,150,640,250,100,200,0,90,240,160,0,250,30,91,74,100,66,82,146,66,34,110,100,0,0,29,0,17,37,0,0,35,12,1,6,0,4,1,0,1,10,0,0,0,0,0,0,0,0,0,0,0,0,20,2.75,1.35,2.00,0.00,1.10,1.64,2.42,0.00,2.27,0.30
183,2,6,Boston & Maine,28,253,286,265,152,1350,1683,1837,1905,1644,317,127,115,460,457,15,374,0,150,640,250,120,200,0,90,240,160,0,250,30,91,82,100,66,82,146,66,34,110,100,0,20,29,0,17,37,0,0,35,12,1,6,0,4,1,0,1,10,0,0,0,0,0,0,0,0,0,0,0,0,21,2.75,1.46,2.00,0.00,1.10,1.64,2.42,0.00,2.27,0.30
184,2,7,Nickel Plate,271,253,286,265,152,1665,1683,1837,1905,1644,317,127,115,460,457,15,81,0,150,640,250,120,200,0,90,240,270,0,250,30,91,82,100,66,82,146,74,34,110,100,0,20,29,0,17,37,35,0,35,12,1,6,0,4,1,0,1,10,0,0,0,0,0,0,0,0,0,0,0,0,22,2.75,1.46,2.00,0.00,1.10,1.64,3.65,0.00,2.27,0.30
185,2,8,Illinois Central,271,318,286,278,152,1665,1788,1837,1926,1644,317,127,115,107,457,15,81,0,150,640,250,120,200,130,90,240,270,0,250,30,91,82,100,74,82,146,74,34,110,100,0,20,29,21,17,37,35,0,35,12,1,6,0,4,1,0,1,10,0,0,0,0,0,0,0,0,0,0,0,0,23,2.75,1.46,2.00,1.76,1.10,1.64,3.65,0.00,2.27,0.30
186,3,0,New York Central,271,318,566,278,152,1665,1788,2257,1926,1644,317,127,115,107,457,15,81,0,150,640,250,120,200,130,90,280,270,0,250,30,91,82,100,74,82,160,74,34,110,100,0,0,0,0,0,42,0,0,0,0,1,6,0,4,1,0,1,10,0,0,0,0,0,0,0,0,0,0,0,0,23,2.75,1.46,2.00,1.76,1.10,1.75,3.65,0.00,2.27,0.30
187,3,1,Pennsylvania,271,608,566,278,152,1665,2188,2257,1926,1644,317,127,115,107,457,15,81,0,150,640,250,120,200,130,90,280,270,0,290,30,91,82,100,74,82,160,74,34,121,100,0,0,0,0,0,42,0,0,40,0,1,6,0,4,1,0,1,10,0,0,0,0,0,0,0,0,0,0,0,0,23,2.75,1.46,2.00,1.76,1.10,1.75,3.65,0.00,2.40,0.30
188,3,2,Chesapeake & Ohio,271,608,566,518,152,1665,2188,2257,2266,1644,317,127,65,107,457,15,81,0,150,640,250,120,240,130,90,280,270,0,290,30,91,82,110,74,82,160,74,34,121,100,0,0,34,0,0,42,0,0,40,0,1,6,0,4,1,0,1,10,0,0,0,0,0,0,0,0,0,0,0,0,23,2.75,1.46,2.18,1.76,1.10,1.75,3.65,0.00,2.40,0.30
189,3,3,Wabash,271,608,566,518,342,1665,2188,2257,2266,1934,317,127,65,107,457,15,81,0,150,570,250,120,240,130,90,280,270,0,290,190,91,82,110,74,82,160,74,34,121,110,0,0,34,0,0,42,0,0,40,29,1,6,0,4,1,0,1,10,0,0,0,0,0,0,0,0,0,0,0,0,23,2.75,1.46,2.18,1.76,1.10,1.75,3.65,0.00,2.40,1.73
190,3,4,Baltimore & Ohio,623,608,610,518,342,2089,2188,2310,2266,1934,71,127,65,107,457,15,81,0,150,570,440,120,240,130,90,280,270,0,290,190,100,82,110,74,82,160,74,34,121,110,53,0,34,0,0,42,0,0,40,29,1,6,0,4,1,0,1,10,0,0,0,0,0,0,0,0,0,0,0,0,24,4.40,1.46,2.18,1.76,1.10,1.75,3.65,0.00,2.40,1.73
191,3,5,Erie,623,608,610,651,380,2089,2188,2310,2462,1990,71,127,65,107,216,15,81,0,150,570,440,120,240,130,190,280,270,0,290,190,100,82,110,74,91,160,74,34,121,110,53,0,34,0,28,42,0,0,40,29,1,6,0,4,1,0,1,10,0,0,0,0,0,0,0,0,0,0,0,0,24,4.40,1.46,2.18,1.76,2.09,1.75,3.65,0.00,2.40,1.73
192,3,6,Boston & Maine,623,608,610,651,432,2089,2188,2310,2462,2078,71,205,65,107,216,15,81,0,150,570,440,130,240,130,190,280,270,0,290,190,100,91,110,74,91,160,74,34,121,110,53,22,34,0,28,42,0,0,40,29,1,6,0,4,1,0,1,10,0,0,0,0,0,0,0,0,0,0,0,0,24,4.40,1.43,2.18,1.76,2.09,1.75,3.65,0.00,2.40,1.73
193,3,7,Nickel Plate,866,608,610,651,432,2332,2188,2310,2462,2078,71,205,65,107,216,15,108,0,150,570,440,130,240,130,190,280,270,0,290,190,100,91,110,74,91,160,74,34,121,110,53,22,34,0,28,42,27,0,40,29,1,6,0,4,1,0,1,10,0,0,0,0,0,0,0,0,0,0,0,0,24,4.40,1.43,2.18,1.76,2.09,1.75,3.65,0.00,2.40,1.73
194,3,8,Illinois Central,866,718,610,673,432,2332,2338,2310,2492,2078,71,205,65,155,216,15,108,0,150,570,440,130,240,220,190,280,270,0,290,190,100,91,110,82,91,160,74,34,121,110,53,22,34,30,28,42,27,0,40,29,1,6,0,4,1,0,1,10,0,0,0,0,0,0,0,0,0,0,0,0,24,4.40,1.43,2.18,2.68,2.09,1.75,3.65,0.00,2.40,1.73
199,1,4,Bob,775,18,64,573,104,2332,2338,2310,2492,2078,171,751,65,483,307,15,108,700,150,570,440,130,240,220,190,280,270,0,290,190,100,91,110,82,91,160,74,100,121,110,0,0,0,0,0,0,0,0,0,0,0,0,0,0,0,0,1,3,0,0,0,0,0,0,0,0,0,0,0,0,24,4.40,1.43,2.18,2.68,2.09,1.75,3.65,0.00,2.40,1.73
204,1,4,Bob,775,18,64,273,30,2332,2338,2310,2492,2078,171,751,65,483,307,15,182,1000,150,570,440,130,240,220,190,280,270,0,290,190,100,91,110,82,91,160,74,100,121,110,0,0,0,0,0,0,0,0,0,0,0,0,0,0,0,0,0,0,0,0,0,0,0,0,0,0,0,0,0,0,24,4.40,1.43,2.18,2.68,2.09,1.75,3.65,0.00,2.40,1.73
209,1,4,Bob,775,18,64,273,30,2332,2338,2310,2492,2078,171,751,65,483,307,15,182,1000,150,570,440,130,240,220,190,280,270,0,290,190,100,91,110,82,91,160,74,100,121,110,0,0,0,0,0,0,0,0,0,0,0,0,0,0,0,0,0,0,0,0,0,0,0,0,0,0,0,0,0,0,24,4.40,1.43,2.18,2.68,2.09,1.75,3.65,0.00,2.40,1.73
210,2,0,New York Central,775,18,354,273,30,2332,2338,2760,2492,2078,171,751,65,483,307,15,182,1000,150,570,440,130,240,220,190,290,270,0,290,190,100,91,110,82,91,176,74,100,121,110,0,0,0,0,0,45,0,0,0,0,0,0,0,0,0,0,0,0,0,0,0,0,0,0,0,0,0,0,0,0,24,4.40,1.43,2.18,2.68,2.09,1.65,3.65,0.00,2.40,1.73
211,2,1,Pennsylvania,775,318,354,273,30,2332,2758,2760,2492,2078,171,751,65,483,307,15,182,1000,150,570,440,130,240,220,190,290,270,0,300,190,100,91,110,82,91,176,74,100,133,110,0,0,0,0,0,45,0,0,42,0,0,0,0,0,0,0,0,0,0,0,0,0,0,0,0,0,0,0,0,0,24,4.40,1.43,2.18,2.68,2.09,1.65,3.65,0.00,2.26,1.73
212,2,2,Chesapeake & Ohio,775,318,354,553,30,2332,2758,2760,2882,2078,171,751,35,483,307,15,182,1000,150,570,440,130,280,220,190,290,270,0,300,190,100,91,121,82,91,176,74,100,133,110,0,0,39,0,0,45,0,0,42,0,0,0,0,0,0,0,0,0,0,0,0,0,0,0,0,0,0,0,0,0,24,4.40,1.43,2.31,2.68,2.09,1.65,3.65,0.00,2.26,1.73
213,2,3,Wabash,775,318,354,553,260,2332,2758,2760,2882,2418,171,751,35,483,307,15,182,1000,150,345,440,130,280,220,190,290,270,0,300,230,100,91,121,82,91,176,74,100,133,121,0,0,39,0,0,45,0,0,42,34,0,0,0,0,0,0,0,0,0,0,0,0,0,0,0,0,0,0,0,0,25,4.40,1.43,2.31,2.68,2.09,1.65,3.65,0.00,2.26,1.90
214,2,4,Baltimore & Ohio,1135,318,399,598,260,2772,2758,2815,2937,2418,171,751,35,483,307,15,182,1000,150,345,450,130,280,220,190,290,270,0,300,230,110,91,121,82,91,176,74,100,133,121,55,0,39,0,0,45,0,0,42,34,0,0,0,0,0,0,0,0,0,0,0,0,0,0,0,0,0,0,0,0,25,4.09,1.43,2.31,2.68,2.09,1.65,3.65,0.00,2.26,1.90
215,2,5,New York New Haven & Hartford,1135,360,399,616,260,2772,2870,2815,2985,2418,171,751,35,483,307,15,182,720,150,345,450,130,280,220,190,290,270,60,300,230,110,91,121,82,91,176,74,110,133,121,55,0,39,0,0,45,0,16,42,34,0,0,0,0,0,0,0,0,0,0,0,0,0,0,0,0,0,0,0,0,26,4.09,1.43,2.31,2.68,2.09,1.65,3.65,0.55,2.26,1.90
216,2,6,Erie,1155,360,399,756,300,2801,2870,2815,3188,2476,171,751,35,483,287,15,182,720,150,345,450,130,280,220,200,290,270,60,300,230,110,91,121,82,100,176,74,110,133,121,55,0,39,0,29,45,0,16,42,34,0,0,0,0,0,0,0,0,0,0,0,0,0,0,0,0,0,0,0,0,26,4.09,1.43,2.31,2.68,2.00,1.65,3.65,0.55,2.26,1.90
217,2,7,Boston & Maine,1155,360,483,756,356,2801,2870,2953,3188,2568,171,751,35,483,287,15,182,720,150,345,450,140,280,220,200,290,270,60,300,230,110,100,121,82,100,176,74,110,133,121,55,23,39,0,29,45,0,16,42,34,0,0,0,0,0,0,0,0,0,0,0,0,0,0,0,0,0,0,0,0,26,4.09,1.40,2.31,2.68,2.00,1.65,3.65,0.55,2.26,1.90
218,2,8,Illinois Central,1155,490,483,782,460,2801,3045,2953,3223,2708,171,751,35,483,287,15,182,720,150,345,450,140,280,260,200,290,270,60,300,230,110,100,121,91,100,176,74,110,133,121,55,23,39,35,29,45,0,16,42,34,0,0,0,0,0,0,0,0,0,0,0,0,0,0,0,0,0,0,0,0,26,4.09,1.40,2.31,2.86,2.00,1.65,3.65,0.55,2.26,1.90
219,2,9,Nickel Plate,1398,490,483,782,487,3044,3045,2953,3223,2735,171,751,35,483,287,15,182,720,150,345,450,140,280,260,200,290,270,60,300,230,110,100,121,91,100,176,74,110,133,121,55,23,39,35,29,45,27,16,42,34,0,0,0,0,0,0,0,0,0,0,0,0,0,0,0,0,0,0,0,0,26,4.09,1.40,2.31,2.86,2.00,1.65,3.65,0.55,2.26,1.90
220,3,0,New York Central,1398,490,783,782,487,3044,3045,3433,3223,2735,171,751,35,483,287,15,182,720,150,345,450,140,280,260,200,300,270,60,300,230,110,100,121,91,100,194,74,110,133,121,0,0,0,0,0,48,0,0,0,0,0,0,0,0,0,0,0,0,0,0,0,0,0,0,0,0,0,0,0,0,26,4.09,1.40,2.31,2.86,2.00,1.55,3.65,0.55,2.26,1.90
221,3,1,Pennsylvania,1398,800,783,782,487,3044,3485,3433,3223,2735,171,751,35,483,287,15,182,720,150,345,450,140,280,260,200,300,270,60,310,230,110,100,121,91,100,194,74,110,146,121,0,0,0,0,0,48,0,0,44,0,0,0,0,0,0,0,0,0,0,0,0,0,0,0,0,0,0,0,0,0,26,4.09,1.40,2.31,2.86,2.00,1.55,3.65,0.55,2.12,1.90
222,3,2,Chesapeake & Ohio,1398,800,783,1072,487,3044,3485,3433,3633,2735,171,751,35,483,287,15,182,720,150,345,450,140,290,260,200,300,270,60,310,230,110,100,133,91,100,194,74,110,146,121,0,0,41,0,0,48,0,0,44,0,0,0,0,0,0,0,0,0,0,0,0,0,0,0,0,0,0,0,0,0,26,4.09,1.40,2.18,2.86,2.00,1.55,3.65,0.55,2.12,1.90
223,3,3,Wabash,1398,800,783,1072,717,3044,3485,3433,3633,2965,171,751,35,483,287,15,182,720,150,345,450,140,290,260,200,300,270,60,310,230,110,100,133,91,100,194,74,110,146,121,0,0,41,0,0,48,0,0,44,23,0,0,0,0,0,0,0,0,0,0,0,0,0,0,0,0,0,0,0,0,26,4.09,1.40,2.18,2.86,2.00,1.55,3.65,0.55,2.12,1.90
224,3,4,Baltimore & Ohio,1766,800,829,1118,717,3500,3485,3490,3690,2965,171,751,35,483,287,15,182,720,150,345,460,140,290,260,200,300,270,60,310,230,121,100,133,91,100,194,74,110,146,121,57,0,41,0,0,48,0,0,44,23,0,0,0,0,0,0,0,0,0,0,0,0,0,0,0,0,0,0,0,0,26,3.80,1.40,2.18,2.86,2.00,1.55,3.65,0.55,2.12,1.90
225,3,5,New York New Haven & Hartford,1766,863,829,1145,717,3500,3625,3490,3750,2965,171,751,35,483,287,15,182,710,150,345,460,140,290,260,200,300,270,90,310,230,121,100,133,91,100,194,74,121,146,121,57,0,41,0,0,48,0,20,44,23,0,0,0,0,0,0,0,0,0,0,0,0,0,0,0,0,0,0,0,0,26,3.80,1.40,2.18,2.86,2.00,1.55,3.65,0.74,2.12,1.90
226,3,6,Erie,1786,863,829,1285,757,3520,3625,3490,3890,3005,171,751,35,483,287,15,182,710,150,345,460,140,290,260,200,300,270,90,310,230,121,100,133,91,100,194,74,121,146,121,57,0,41,0,20,48,0,20,44,23,0,0,0,0,0,0,0,0,0,0,0,0,0,0,0,0,0,0,0,0,26,3.80,1.40,2.18,2.86,2.00,1.55,3.65,0.74,2.12,1.90
227,3,7,Boston & Maine,1786,863,943,1285,833,3520,3625,3664,3890,3121,171,331,35,483,287,15,182,710,150,345,460,190,290,260,200,300,270,90,310,230,121,110,133,91,100,194,74,121,146,121,57,29,41,0,20,48,0,20,44,23,0,0,0,0,0,0,0,0,0,0,0,0,0,0,0,0,0,0,0,0,27,3.80,1.73,2.18,2.86,2.00,1.55,3.65,0.74,2.12,1.90
228,3,8,Illinois Central,1786,1043,943,1321,977,3520,3850,3664,3935,3301,171,331,35,113,287,15,182,710,150,345,460,190,290,360,200,300,270,90,310,230,121,110,133,100,100,194,74,121,146,121,57,29,41,45,20,48,0,20,44,23,0,0,0,0,0,0,0,0,0,0,0,0,0,0,0,0,0,0,0,0,28,3.80,1.73,2.18,3.60,2.00,1.55,3.65,0.74,2.12,1.90
229,3,9,Nickel Plate,2065,1043,943,1321,1008,3871,3850,3664,3935,3340,171,331,35,113,287,15,182,710,150,345,460,190,290,360,200,300,310,90,310,230,121,110,133,100,100,194,82,121,146,121,57,29,41,45,20,48,39,20,44,23,0,0,0,0,0,0,0,0,0,0,0,0,0,0,0,0,0,0,0,0,28,3.80,1.73,2.18,3.60,2.00,1.55,3.78,0.74,2.12,1.90
