Round,Turn,Entity,Pete cash,Bob cash,Nel cash,Marty cash,Mal cash,Pete net,Bob net,Nel net,Marty net,Mal net,Baltimore & Ohio cash,Boston & Maine cash,Chesapeake & Ohio cash,Illinois Central cash,Erie cash,New York Central cash,Nickel Plate cash,New York New Haven & Hartford cash,Pennsylvania cash,Wabash cash,Baltimore & Ohio np,Boston & Maine np,Chesapeake & Ohio np,Illinois Central np,Erie np,New York Central np,Nickel Plate np,New York New Haven & Hartford np,Pennsylvania np,Wabash np,Baltimore & Ohio val,Boston & Maine val,Chesapeake & Ohio val,Illinois Central val,Erie val,New York Central val,Nickel Plate val,New York New Haven & Hartford val,Pennsylvania val,Wabash val,Baltimore & Ohio sh,Boston & Maine sh,Chesapeake & Ohio sh,Illinois Central sh,Erie sh,New York Central sh,Nickel Plate sh,New York New Haven & Hartford sh,Pennsylvania sh,Wabash sh,Baltimore & Ohio or,Boston & Maine or,Chesapeake & Ohio or,Illinois Central or,Erie or,New York Central or,Nickel Plate or,New York New Haven & Hartford or,Pennsylvania or,Wabash or,Train 
1,0,Pete,0,300,300,300,300,300,300,300,300,300,0,0,0,0,0,0,0,0,300,0,0,0,0,0,0,0,0,0,0,0,34,34,34,34,34,34,34,34,60,34,10,10,10,10,10,10,10,10,5,10,0,0,0,0,0,0,0,0,0,0,1
1,1,Mal,0,300,300,300,240,300,300,300,300,300,0,0,0,0,0,0,0,0,360,0,0,0,0,0,0,0,0,0,0,0,34,34,34,34,34,34,34,34,60,34,10,10,10,10,10,10,10,10,4,10,0,0,0,0,0,0,0,0,0,0,1
1,2,Bob,0,36,300,300,240,300,300,300,300,300,264,0,0,0,0,0,0,0,360,0,0,0,0,0,0,0,0,0,0,0,66,34,34,34,34,34,34,34,60,34,6,10,10,10,10,10,10,10,4,10,0,0,0,0,0,0,0,0,0,0,1
1,3,Marty,0,36,300,234,240,300,300,300,300,300,330,0,0,0,0,0,0,0,360,0,0,0,0,0,0,0,0,0,0,0,66,34,34,34,34,34,34,34,60,34,5,10,10,10,10,10,10,10,4,10,0,0,0,0,0,0,0,0,0,0,1
1,4,Nel,0,36,25,234,240,300,300,300,300,300,330,0,0,0,0,275,0,0,360,0,0,0,0,0,0,0,0,0,0,0,66,34,34,34,34,55,34,34,60,34,5,10,10,10,10,5,10,10,4,10,0,0,0,0,0,0,0,0,0,0,1
1,0,Pete,0,36,25,234,240,300,300,300,300,300,330,0,0,0,0,275,0,0,360,0,0,0,0,0,0,0,0,0,0,0,66,34,34,34,34,55,34,34,60,34,5,10,10,10,10,5,10,10,4,10,0,0,0,0,0,0,0,0,0,0,1
1,1,Mal,0,36,25,234,130,300,300,300,300,300,330,0,0,0,0,385,0,0,360,0,0,0,0,0,0,0,0,0,0,0,66,34,34,34,34,55,34,34,60,34,5,10,10,10,10,3,10,10,4,10,0,0,0,0,0,0,0,0,0,0,1
1,2,Bob,0,36,25,234,130,300,300,300,300,300,330,0,0,0,0,385,0,0,360,0,0,0,0,0,0,0,0,0,0,0,66,34,34,34,34,55,34,34,60,34,5,10,10,10,10,3,10,10,4,10,0,0,0,0,0,0,0,0,0,0,1
1,3,Marty,0,36,25,114,130,300,300,300,300,300,330,0,0,0,0,385,0,0,480,0,0,0,0,0,0,0,0,0,0,0,66,34,34,34,34,55,34,34,60,34,5,10,10,10,10,3,10,10,2,10,0,0,0,0,0,0,0,0,0,0,1
1,4,Nel,0,36,25,114,130,300,300,300,300,300,330,0,0,0,0,385,0,0,480,0,0,0,0,0,0,0,0,0,0,0,66,34,34,34,34,55,34,34,60,34,5,10,10,10,10,3,10,10,2,10,0,0,0,0,0,0,0,0,0,0,1
1,0,Pete,0,36,25,114,130,300,300,300,300,300,330,0,0,0,0,385,0,0,480,0,0,0,0,0,0,0,0,0,0,0,66,34,34,34,34,55,34,34,60,34,5,10,10,10,10,3,10,10,2,10,0,0,0,0,0,0,0,0,0,0,1
1,1,Mal,0,36,25,114,64,300,300,300,300,300,396,0,0,0,0,385,0,0,480,0,0,0,0,0,0,0,0,0,0,0,66,34,34,34,34,55,34,34,60,34,4,10,10,10,10,3,10,10,2,10,0,0,0,0,0,0,0,0,0,0,1
1,2,Bob,0,36,25,114,64,300,300,300,300,300,396,0,0,0,0,385,0,0,480,0,0,0,0,0,0,0,0,0,0,0,66,34,34,34,34,55,34,34,60,34,4,10,10,10,10,3,10,10,2,10,0,0,0,0,0,0,0,0,0,0,1
1,3,Marty,0,36,25,4,64,300,300,300,300,300,396,0,0,0,0,495,0,0,480,0,0,0,0,0,0,0,0,0,0,0,66,34,34,34,34,55,34,34,60,34,4,10,10,10,10,1,10,10,2,10,0,0,0,0,0,0,0,0,0,0,1
1,4,Nel,0,36,25,4,64,300,300,300,300,300,396,0,0,0,0,495,0,0,480,0,0,0,0,0,0,0,0,0,0,0,66,34,34,34,34,55,34,34,60,34,4,10,10,10,10,1,10,10,2,10,0,0,0,0,0,0,0,0,0,0,1
1,0,Pete,0,36,25,4,64,300,300,300,300,300,396,0,0,0,0,495,0,0,480,0,0,0,0,0,0,0,0,0,0,0,66,34,34,34,34,55,34,34,60,34,4,10,10,10,10,1,10,10,2,10,0,0,0,0,0,0,0,0,0,0,1
1,1,Mal,0,36,25,4,9,300,300,300,300,300,396,0,0,0,0,550,0,0,480,0,0,0,0,0,0,0,0,0,0,0,66,34,34,34,34,55,34,34,60,34,4,10,10,10,10,0,10,10,2,10,0,0,0,0,0,0,0,0,0,0,1
1,2,Bob,0,36,25,4,9,300,300,300,300,300,396,0,0,0,0,550,0,0,480,0,0,0,0,0,0,0,0,0,0,0,66,34,34,34,34,55,34,34,60,34,4,10,10,10,10,0,10,10,2,10,0,0,0,0,0,0,0,0,0,0,1
1,3,Marty,0,36,25,4,9,300,300,300,300,300,396,0,0,0,0,550,0,0,480,0,0,0,0,0,0,0,0,0,0,0,66,34,34,34,34,55,34,34,60,34,4,10,10,10,10,0,10,10,2,10,0,0,0,0,0,0,0,0,0,0,1
1,4,Nel,0,36,25,4,9,300,300,300,300,300,396,0,0,0,0,550,0,0,480,0,0,0,0,0,0,0,0,0,0,0,66,34,34,34,34,55,34,34,60,34,4,10,10,10,10,0,10,10,2,10,0,0,0,0,0,0,0,0,0,0,1
1,0,Pete,0,36,25,4,9,300,300,300,300,300,396,0,0,0,0,550,0,0,480,0,0,0,0,0,0,0,0,0,0,0,66,34,34,34,34,55,34,34,60,34,4,10,10,10,10,0,10,10,2,10,0,0,0,0,0,0,0,0,0,0,1
1,1,Mal,0,36,25,4,9,300,300,300,300,300,396,0,0,0,0,550,0,0,480,0,0,0,0,0,0,0,0,0,0,0,66,34,34,34,34,55,34,34,60,34,4,10,10,10,10,0,10,10,2,10,0,0,0,0,0,0,0,0,0,0,1
1,2,Bob,0,36,25,4,9,300,300,300,300,300,396,0,0,0,0,550,0,0,480,0,0,0,0,0,0,0,0,0,0,0,66,34,34,34,34,55,34,34,60,34,4,10,10,10,10,0,10,10,2,10,0,0,0,0,0,0,0,0,0,0,1
1,3,Marty,0,36,25,4,9,300,300,300,300,300,396,0,0,0,0,550,0,0,480,0,0,0,0,0,0,0,0,0,0,0,66,34,34,34,34,55,34,34,60,34,4,10,10,10,10,0,10,10,2,10,0,0,0,0,0,0,0,0,0,0,1
1,4,Nel,0,36,25,4,9,300,300,300,300,300,396,0,0,0,0,550,0,0,480,0,0,0,0,0,0,0,0,0,0,0,66,34,34,34,34,55,34,34,60,34,4,10,10,10,10,0,10,10,2,10,0,0,0,0,0,0,0,0,0,0,1
2,0,Baltimore & Ohio,0,40,25,5,10,300,336,300,309,309,290,0,0,0,0,550,0,0,480,0,10,0,0,0,0,0,0,0,0,0,74,34,34,34,34,55,34,34,60,34,4,10,10,10,10,0,10,10,2,10,0,0,0,0,0,0,0,0,0,0,2
2,1,Pennsylvania,10,40,25,9,12,340,336,300,325,317,290,0,0,0,0,550,0,0,369,0,10,0,0,0,0,0,0,0,20,0,74,34,34,34,34,55,34,34,66,34,4,10,10,10,10,0,10,10,2,10,0,0,0,0,0,0,0,0,0,0,3
2,2,New York Central,10,40,35,13,18,340,336,335,339,338,290,0,0,0,0,420,0,0,369,0,10,0,0,0,0,20,0,0,20,0,74,34,34,34,34,60,34,34,66,34,4,10,10,10,10,0,10,10,2,10,0,0,0,0,0,0,0,0,0,0,4
3,0,Baltimore & Ohio,10,44,35,14,19,340,340,335,340,339,274,0,0,0,0,420,0,0,369,0,10,0,0,0,0,20,0,0,20,0,74,34,34,34,34,60,34,34,66,34,4,10,10,10,10,0,10,10,2,10,0,0,0,0,0,0,0,0,0,0,4
3,1,Pennsylvania,20,44,35,18,21,350,340,335,344,341,274,0,0,0,0,420,0,0,353,0,10,0,0,0,0,20,0,0,20,0,74,34,34,34,34,60,34,34,66,34,4,10,10,10,10,0,10,10,2,10,0,0,0,0,0,0,0,0,0,0,4
3,2,New York Central,20,44,55,26,33,350,340,385,364,371,274,0,0,0,0,275,0,0,353,0,10,0,0,0,0,40,0,0,20,0,74,34,34,34,34,66,34,34,66,34,4,10,10,10,10,0,10,10,2,10,0,0,0,0,0,0,0,0,0,0,5
1,0,Pete,20,44,55,26,33,350,340,385,364,371,274,0,0,0,0,275,0,0,353,0,10,0,0,0,0,40,0,0,20,0,74,34,34,34,34,66,34,34,66,34,4,10,10,10,10,0,10,10,2,10,0,0,0,0,0,0,0,0,0,0,5
1,1,Marty,20,44,55,26,33,350,340,385,364,371,274,0,0,0,0,275,0,0,353,0,10,0,0,0,0,40,0,0,20,0,74,34,34,34,34,66,34,34,66,34,4,10,10,10,10,0,10,10,2,10,0,0,0,0,0,0,0,0,0,0,5
1,2,Mal,20,44,55,26,99,350,340,355,352,371,274,0,0,0,0,275,0,0,485,0,10,0,0,0,0,40,0,0,20,0,74,34,34,34,34,60,34,34,66,34,4,10,10,10,10,0,10,10,0,10,0,0,0,0,0,3,0,0,0,0,5
1,3,Bob,20,44,55,26,99,350,340,355,352,371,274,0,0,0,0,275,0,0,485,0,10,0,0,0,0,40,0,0,20,0,74,34,34,34,34,60,34,34,66,34,4,10,10,10,10,0,10,10,0,10,0,0,0,0,0,3,0,0,0,0,5
1,4,Nel,20,44,55,26,99,350,340,355,352,371,274,0,0,0,0,275,0,0,485,0,10,0,0,0,0,40,0,0,20,0,74,34,34,34,34,60,34,34,66,34,4,10,10,10,10,0,10,10,0,10,0,0,0,0,0,3,0,0,0,0,5
1,0,Pete,20,44,55,26,99,350,340,355,352,371,274,0,0,0,0,275,0,0,485,0,10,0,0,0,0,40,0,0,20,0,74,34,34,34,34,60,34,34,66,34,4,10,10,10,10,0,10,10,0,10,0,0,0,0,0,3,0,0,0,0,5
1,1,Marty,20,44,55,40,99,350,308,355,352,363,274,0,0,0,0,275,0,0,485,0,10,0,0,0,0,40,0,0,20,0,66,34,34,34,34,60,34,34,66,34,4,10,10,10,10,0,10,10,0,10,1,0,0,0,0,2,0,0,0,0,5
1,2,Mal,20,44,55,40,33,350,308,355,352,363,340,0,0,0,0,275,0,0,485,0,10,0,0,0,0,40,0,0,20,0,66,34,34,34,34,60,34,34,66,34,3,10,10,10,10,0,10,10,0,10,1,0,0,0,0,2,0,0,0,0,5
1,3,Bob,20,44,55,40,33,350,308,355,352,363,274,0,0,0,0,275,0,0,485,0,10,0,0,0,0,40,0,0,20,0,66,34,34,34,34,60,34,34,66,34,4,10,10,10,10,0,10,10,0,10,0,0,0,0,0,2,0,0,0,0,5
1,4,Nel,20,44,55,40,33,350,308,355,352,363,274,0,0,0,0,155,0,0,485,0,10,0,0,0,0,40,0,0,20,0,66,34,34,34,34,60,34,34,66,34,4,10,10,10,10,2,10,10,0,10,0,0,0,0,0,0,0,0,0,0,5
1,0,Pete,20,44,55,40,33,350,308,355,352,363,274,0,0,0,0,155,0,0,485,0,10,0,0,0,0,40,0,0,20,0,66,34,34,34,34,60,34,34,66,34,4,10,10,10,10,2,10,10,0,10,0,0,0,0,0,0,0,0,0,0,5
1,1,Marty,20,44,55,40,33,350,308,355,352,363,274,0,0,0,0,155,0,0,485,0,10,0,0,0,0,40,0,0,20,0,66,34,34,34,34,60,34,34,66,34,4,10,10,10,10,2,10,10,0,10,0,0,0,0,0,0,0,0,0,0,5
1,2,Mal,20,44,55,40,33,350,308,355,352,363,274,0,0,0,0,155,0,0,485,0,10,0,0,0,0,40,0,0,20,0,66,34,34,34,34,60,34,34,66,34,4,10,10,10,10,2,10,10,0,10,0,0,0,0,0,0,0,0,0,0,5
1,3,Bob,20,44,55,40,33,350,308,355,352,363,274,0,0,0,0,155,0,0,485,0,10,0,0,0,0,40,0,0,20,0,66,34,34,34,34,60,34,34,66,34,4,10,10,10,10,2,10,10,0,10,0,0,0,0,0,0,0,0,0,0,5
1,4,Nel,20,44,55,40,33,350,308,355,352,363,274,0,0,0,0,155,0,0,485,0,10,0,0,0,0,40,0,0,20,0,66,34,34,34,34,60,34,34,66,34,4,10,10,10,10,2,10,10,0,10,0,0,0,0,0,0,0,0,0,0,5
2,0,Baltimore & Ohio,20,48,55,40,35,350,312,355,352,365,218,0,0,0,0,155,0,0,485,0,10,0,0,0,0,40,0,0,20,0,66,34,34,34,34,60,34,34,66,34,4,10,10,10,10,2,10,10,0,10,0,0,0,0,0,0,0,0,0,0,5
2,1,Pennsylvania,30,48,55,44,41,360,312,355,356,371,218,0,0,0,0,155,0,0,405,0,10,0,0,0,0,40,0,0,20,0,66,34,34,34,34,60,34,34,66,34,4,10,10,10,10,2,10,10,0,10,0,0,0,0,0,0,0,0,0,0,5
2,2,New York Central,30,48,55,44,41,360,312,355,356,371,218,0,0,0,0,185,0,0,405,0,10,0,0,0,0,40,0,0,20,0,66,34,34,34,34,60,34,34,66,34,4,10,10,10,10,2,10,10,0,10,0,0,0,0,0,0,0,0,0,0,5
3,0,Baltimore & Ohio,30,68,55,44,51,360,364,355,356,397,238,0,0,0,0,185,0,0,405,0,50,0,0,0,0,40,0,0,20,0,74,34,34,34,34,60,34,34,66,34,4,10,10,10,10,2,10,10,0,10,0,0,0,0,0,0,0,0,0,0,5
3,1,Pennsylvania,60,68,55,56,69,430,364,355,384,439,238,0,0,0,0,185,0,0,405,0,50,0,0,0,0,40,0,0,60,0,74,34,34,34,34,60,34,34,74,34,4,10,10,10,10,2,10,10,0,10,0,0,0,0,0,0,0,0,0,0,5
3,2,New York Central,60,68,75,68,69,430,364,375,396,439,238,0,0,0,0,193,0,0,405,0,50,0,0,0,0,40,0,0,60,0,74,34,34,34,34,60,34,34,74,34,4,10,10,10,10,2,10,10,0,10,0,0,0,0,0,0,0,0,0,0,5
1,0,Pete,0,68,75,68,69,430,364,375,396,439,238,0,0,0,0,253,0,0,405,0,50,0,0,0,0,40,0,0,60,0,74,34,34,34,34,60,34,34,74,34,4,10,10,10,10,1,10,10,0,10,0,0,0,0,0,0,0,0,0,0,5
1,1,Marty,0,68,75,100,69,425,364,350,396,439,386,0,0,0,0,253,0,0,405,0,50,0,0,0,0,40,0,0,60,0,74,34,34,34,34,55,34,34,74,34,2,10,10,10,10,1,10,10,0,10,0,0,0,0,0,3,0,0,0,0,5
1,2,Bob,0,68,75,100,69,425,364,350,396,439,386,0,0,0,0,253,0,0,405,0,50,0,0,0,0,40,0,0,60,0,74,34,34,34,34,55,34,34,74,34,2,10,10,10,10,1,10,10,0,10,0,0,0,0,0,3,0,0,0,0,5
1,3,Mal,0,68,75,100,143,385,364,350,380,439,534,0,0,0,0,253,0,0,405,0,50,0,0,0,0,40,0,0,60,0,74,34,34,34,34,55,34,34,66,34,0,10,10,10,10,1,10,10,0,10,0,0,0,0,0,3,0,0,3,0,5
1,4,Nel,0,68,20,100,143,385,364,350,380,439,534,0,0,0,0,308,0,0,405,0,50,0,0,0,0,40,0,0,60,0,74,34,34,34,34,55,34,34,66,34,0,10,10,10,10,0,10,10,0,10,0,0,0,0,0,3,0,0,3,0,5
1,0,Pete,0,68,20,100,143,385,364,350,380,439,534,0,0,0,0,308,0,0,207,0,50,0,0,0,0,40,0,0,60,0,74,34,34,34,34,55,34,34,66,34,0,10,10,10,10,0,10,10,3,10,0,0,0,0,0,3,0,0,0,0,5
1,1,Marty,0,68,20,34,143,385,364,350,380,439,534,0,0,0,0,308,0,0,273,0,50,0,0,0,0,40,0,0,60,0,74,34,34,34,34,55,34,34,66,34,0,10,10,10,10,0,10,10,2,10,0,0,0,0,0,3,0,0,0,0,5
1,2,Bob,0,68,20,34,143,385,364,350,380,439,534,0,0,0,0,308,0,0,273,0,50,0,0,0,0,40,0,0,60,0,74,34,34,34,34,55,34,34,66,34,0,10,10,10,10,0,10,10,2,10,0,0,0,0,0,3,0,0,0,0,5
1,3,Mal,0,68,20,34,33,385,364,350,380,439,534,0,0,0,0,308,0,0,273,0,50,0,0,0,0,40,0,0,60,0,74,34,34,34,34,55,34,34,66,34,0,10,10,10,10,0,10,10,2,10,0,0,0,0,0,1,0,0,0,0,5
1,4,Nel,0,68,20,34,33,385,364,350,380,439,534,0,0,0,0,253,0,0,273,0,50,0,0,0,0,40,0,0,60,0,74,34,34,34,34,55,34,34,66,34,0,10,10,10,10,1,10,10,2,10,0,0,0,0,0,0,0,0,0,0,5
1,0,Pete,0,68,20,34,33,385,364,350,380,439,534,0,0,0,0,253,0,0,273,0,50,0,0,0,0,40,0,0,60,0,74,34,34,34,34,55,34,34,66,34,0,10,10,10,10,1,10,10,2,10,0,0,0,0,0,0,0,0,0,0,5
1,1,Marty,0,68,20,34,33,385,364,350,380,439,534,0,0,0,0,253,0,0,273,0,50,0,0,0,0,40,0,0,60,0,74,34,34,34,34,55,34,34,66,34,0,10,10,10,10,1,10,10,2,10,0,0,0,0,0,0,0,0,0,0,5
1,2,Bob,0,68,20,34,33,385,364,350,380,439,534,0,0,0,0,253,0,0,273,0,50,0,0,0,0,40,0,0,60,0,74,34,34,34,34,55,34,34,66,34,0,10,10,10,10,1,10,10,2,10,0,0,0,0,0,0,0,0,0,0,5
1,3,Mal,0,68,20,34,33,385,364,350,380,439,534,0,0,0,0,253,0,0,273,0,50,0,0,0,0,40,0,0,60,0,74,34,34,34,34,55,34,34,66,34,0,10,10,10,10,1,10,10,2,10,0,0,0,0,0,0,0,0,0,0,5
1,4,Nel,0,68,20,34,33,385,364,350,380,439,534,0,0,0,0,253,0,0,273,0,50,0,0,0,0,40,0,0,60,0,74,34,34,34,34,55,34,34,66,34,0,10,10,10,10,1,10,10,2,10,0,0,0,0,0,0,0,0,0,0,5
2,0,Baltimore & Ohio,0,92,20,46,57,385,420,350,408,495,394,0,0,0,0,253,0,0,273,0,60,0,0,0,0,40,0,0,60,0,82,34,34,34,34,55,34,34,66,34,0,10,10,10,10,1,10,10,2,10,0,0,0,0,0,0,0,0,0,0,6
2,1,Pennsylvania,45,92,20,73,57,470,420,350,459,495,394,0,0,0,0,253,0,0,31,0,60,0,0,0,0,40,0,0,90,0,82,34,34,34,34,55,34,34,74,34,0,10,10,10,10,1,10,10,2,10,0,0,0,0,0,0,0,0,0,0,7
2,2,New York Central,50,92,50,73,67,480,420,410,459,515,394,0,0,0,0,108,0,0,31,0,60,0,0,0,0,50,0,0,90,0,82,34,34,34,34,60,34,34,74,34,0,10,10,10,10,1,10,10,2,10,0,0,0,0,0,0,0,0,0,0,8
3,0,Baltimore & Ohio,50,128,50,91,103,480,492,410,495,587,174,0,0,0,0,108,0,0,31,0,90,0,0,0,0,50,0,0,90,0,91,34,34,34,34,60,34,34,74,34,0,10,10,10,10,1,10,10,2,10,0,0,0,0,0,0,0,0,0,0,9
3,1,Pennsylvania,100,128,50,121,103,570,492,410,549,587,174,0,0,0,0,108,0,0,21,0,90,0,0,0,0,50,0,0,100,0,91,34,34,34,34,60,34,34,82,34,0,10,10,10,10,1,10,10,2,10,0,0,0,0,0,0,0,0,0,0,9
3,2,New York Central,106,128,86,121,115,582,492,482,549,611,174,0,0,0,0,94,0,0,21,0,90,0,0,0,0,60,0,0,100,0,91,34,34,34,34,66,34,34,82,34,0,10,10,10,10,1,10,10,2,10,0,0,0,0,0,0,0,0,0,0,9
1,0,Nel,106,128,20,121,115,582,492,482,549,611,174,0,0,0,0,160,0,0,21,0,90,0,0,0,0,60,0,0,100,0,91,34,34,34,34,66,34,34,82,34,0,10,10,10,10,0,10,10,2,10,0,0,0,0,0,0,0,0,0,0,9
1,1,Pete,24,128,20,121,115,582,492,482,549,611,174,0,0,0,0,160,0,0,103,0,90,0,0,0,0,60,0,0,100,0,91,34,34,34,34,66,34,34,82,34,0,10,10,10,10,0,10,10,1,10,0,0,0,0,0,0,0,0,0,0,9
1,2,Mal,24,128,20,121,33,582,492,482,549,611,174,0,0,0,0,160,0,0,185,0,90,0,0,0,0,60,0,0,100,0,91,34,34,34,34,66,34,34,82,34,0,10,10,10,10,0,10,10,0,10,0,0,0,0,0,0,0,0,0,0,9
1,3,Marty,24,128,20,7,33,534,492,482,549,603,174,360,0,0,0,160,0,0,185,0,90,0,0,0,0,60,0,0,100,0,91,60,34,34,34,66,34,34,74,34,0,4,10,10,10,0,10,10,0,10,0,0,0,0,0,0,0,0,3,0,9
1,4,Bob,24,8,20,7,33,534,492,482,549,603,174,480,0,0,0,160,0,0,185,0,90,0,0,0,0,60,0,0,100,0,91,60,34,34,34,66,34,34,74,34,0,2,10,10,10,0,10,10,0,10,0,0,0,0,0,0,0,0,3,0,9
1,4,Bob,24,54,20,7,33,534,492,482,549,603,174,360,0,0,0,160,0,0,185,0,90,0,0,0,0,60,0,0,100,0,91,60,34,34,34,66,34,34,74,34,0,4,10,10,10,0,10,10,0,10,0,0,0,0,0,0,0,0,2,0,9
1,4,Bob,24,8,20,7,33,534,492,482,549,603,174,480,0,0,0,160,0,0,185,0,90,0,0,0,0,60,0,0,100,0,91,60,34,34,34,66,34,34,74,34,0,2,10,10,10,0,10,10,0,10,0,0,0,0,0,0,0,0,3,0,9
1,0,Nel,24,8,20,7,33,534,492,482,549,603,174,480,0,0,0,160,0,0,185,0,90,0,0,0,0,60,0,0,100,0,91,60,34,34,34,66,34,34,74,34,0,2,10,10,10,0,10,10,0,10,0,0,0,0,0,0,0,0,3,0,9
1,1,Pete,24,8,20,7,33,534,492,482,549,603,174,480,0,0,0,160,0,0,185,0,90,0,0,0,0,60,0,0,100,0,91,60,34,34,34,66,34,34,74,34,0,2,10,10,10,0,10,10,0,10,0,0,0,0,0,0,0,0,3,0,9
1,2,Mal,24,8,20,7,33,534,492,482,549,603,174,480,0,0,0,160,0,0,185,0,90,0,0,0,0,60,0,0,100,0,91,60,34,34,34,66,34,34,74,34,0,2,10,10,10,0,10,10,0,10,0,0,0,0,0,0,0,0,3,0,9
1,3,Marty,24,8,20,7,33,534,492,482,549,603,174,480,0,0,0,160,0,0,185,0,90,0,0,0,0,60,0,0,100,0,91,60,34,34,34,66,34,34,74,34,0,2,10,10,10,0,10,10,0,10,0,0,0,0,0,0,0,0,3,0,9
1,4,Bob,24,8,20,7,33,534,492,482,549,603,174,480,0,0,0,160,0,0,185,0,90,0,0,0,0,60,0,0,100,0,91,60,34,34,34,66,34,34,74,34,0,2,10,10,10,0,10,10,0,10,0,0,0,0,0,0,0,0,3,0,9
2,0,Baltimore & Ohio,24,48,20,27,73,486,568,482,587,671,144,480,0,0,0,160,0,0,185,0,100,0,0,0,0,60,0,0,100,0,100,60,34,34,34,66,34,34,66,34,0,2,10,10,10,0,10,10,0,10,0,0,0,0,0,0,0,0,3,0,9
2,1,Pennsylvania,90,48,20,27,84,600,568,482,587,690,144,480,0,0,0,160,0,0,165,0,100,0,0,0,0,60,0,0,110,0,100,60,34,34,34,66,34,34,74,34,0,2,10,10,10,0,10,10,0,10,0,0,0,0,0,0,0,0,3,0,9
2,2,New York Central,97,48,69,27,98,615,568,587,587,720,144,480,0,0,0,140,0,0,165,0,100,0,0,0,0,70,0,0,110,0,100,60,34,34,34,74,34,34,74,34,0,2,10,10,10,0,10,10,0,10,0,0,0,0,0,0,0,0,3,0,9
2,3,Boston & Maine,97,54,69,45,98,615,586,587,641,720,144,356,0,0,0,140,0,0,165,0,100,30,0,0,0,70,0,0,110,0,100,66,34,34,34,74,34,34,74,34,0,2,10,10,10,0,10,10,0,10,0,0,0,0,0,0,0,0,3,0,10
3,0,Baltimore & Ohio,97,110,69,73,154,615,682,587,689,816,144,356,0,0,0,140,0,0,165,0,140,30,0,0,0,70,0,0,110,0,110,66,34,34,34,74,34,34,74,34,0,2,10,10,10,0,10,10,0,10,0,0,0,0,0,0,0,0,3,0,10
3,1,Pennsylvania,187,110,69,73,169,753,682,587,689,839,144,356,0,0,0,140,0,0,45,0,140,30,0,0,0,70,0,0,150,0,110,66,34,34,34,74,34,34,82,34,0,2,10,10,10,0,10,10,0,10,0,0,0,0,0,0,0,0,3,0,11
3,2,New York Central,197,110,139,73,189,771,682,713,689,875,144,356,0,0,0,0,0,0,45,0,140,30,0,0,0,100,0,0,150,0,110,66,34,34,34,82,34,34,82,34,0,2,10,10,10,0,10,10,0,10,0,0,0,0,0,0,0,0,3,0,12
3,3,Boston & Maine,197,130,139,133,189,771,718,713,797,875,144,91,0,0,0,0,0,0,45,0,140,100,0,0,0,100,0,0,150,0,110,74,34,34,34,82,34,34,82,34,0,2,10,10,10,0,10,10,0,10,0,0,0,0,0,0,0,0,3,0,13
1,0,Bob,197,32,139,133,189,771,718,713,749,875,144,91,0,0,0,0,0,0,45,0,140,100,0,0,0,100,0,0,150,0,110,66,34,34,34,82,34,34,82,34,0,2,10,10,10,0,10,10,0,10,0,2,0,0,0,0,0,0,0,0,13
1,1,Marty,197,32,139,23,189,771,678,713,743,835,144,91,0,0,660,0,0,0,45,0,140,100,0,0,0,100,0,0,150,0,100,60,34,34,66,82,34,34,82,34,0,2,10,10,0,0,10,10,0,10,2,7,0,0,0,0,0,0,0,0,13
1,2,Nel,197,32,139,23,189,763,678,713,743,819,144,91,574,0,660,0,0,0,45,0,140,100,0,0,0,100,0,0,150,0,100,60,82,34,66,74,34,34,82,34,0,2,3,10,0,0,10,10,0,10,2,7,0,0,0,7,0,0,0,0,13
1,3,Mal,197,32,139,23,255,755,678,713,743,819,144,91,656,0,660,0,0,0,45,0,140,100,0,0,0,100,0,0,150,0,100,60,82,34,66,66,34,34,82,34,0,2,2,10,0,0,10,10,0,10,2,7,0,0,0,9,0,0,0,0,13
1,4,Pete,197,32,139,23,255,755,678,713,743,819,144,91,656,0,660,0,0,0,45,0,140,100,0,0,0,100,0,0,150,0,100,60,82,34,66,66,34,34,82,34,0,2,2,10,0,0,10,10,0,10,2,7,0,0,0,9,0,0,0,0,13
1,0,Bob,197,78,139,23,255,707,678,713,743,811,144,91,656,0,660,0,0,0,45,0,140,100,0,0,0,100,0,0,150,0,100,60,82,34,66,66,34,34,74,34,0,2,2,10,0,0,10,10,0,10,0,7,0,0,0,9,0,0,3,0,13
1,1,Marty,197,78,139,23,255,707,678,713,743,811,144,91,656,0,660,0,0,0,45,0,140,100,0,0,0,100,0,0,150,0,100,60,82,34,66,66,34,34,74,34,0,2,2,10,0,0,10,10,0,10,0,7,0,0,0,9,0,0,3,0,13
1,2,Nel,197,78,65,23,255,707,678,713,743,811,144,91,656,0,660,0,0,0,45,0,140,100,0,0,0,100,0,0,150,0,100,60,82,34,66,66,34,34,74,34,0,2,2,10,0,0,10,10,0,10,0,7,0,0,0,9,0,0,2,0,13
1,3,Mal,197,78,65,23,107,707,678,713,743,811,144,91,656,0,660,0,0,0,45,0,140,100,0,0,0,100,0,0,150,0,100,60,82,34,66,66,34,34,74,34,0,2,2,10,0,0,10,10,0,10,0,7,0,0,0,9,0,0,0,0,13
1,4,Pete,197,78,65,23,107,707,678,713,743,811,144,91,656,0,660,0,0,0,45,0,140,100,0,0,0,100,0,0,150,0,100,60,82,34,66,66,34,34,74,34,0,2,2,10,0,0,10,10,0,10,0,7,0,0,0,9,0,0,0,0,13
1,0,Bob,197,78,65,23,107,707,678,713,743,811,144,91,656,0,660,0,0,0,45,0,140,100,0,0,0,100,0,0,150,0,100,60,82,34,66,66,34,34,74,34,0,2,2,10,0,0,10,10,0,10,0,7,0,0,0,9,0,0,0,0,13
1,1,Marty,197,78,65,23,107,707,678,713,743,811,144,91,656,0,660,0,0,0,45,0,140,100,0,0,0,100,0,0,150,0,100,60,82,34,66,66,34,34,74,34,0,2,2,10,0,0,10,10,0,10,0,7,0,0,0,9,0,0,0,0,13
1,2,Nel,197,78,65,23,107,707,678,713,743,811,144,91,656,0,660,0,0,0,45,0,140,100,0,0,0,100,0,0,150,0,100,60,82,34,66,66,34,34,74,34,0,2,2,10,0,0,10,10,0,10,0,7,0,0,0,9,0,0,0,0,13
1,3,Mal,197,78,65,23,25,707,678,713,743,811,144,91,738,0,660,0,0,0,45,0,140,100,0,0,0,100,0,0,150,0,100,60,82,34,66,66,34,34,74,34,0,2,1,10,0,0,10,10,0,10,0,7,0,0,0,9,0,0,0,0,13
1,4,Pete,197,78,65,23,25,707,678,713,743,811,144,91,738,0,660,0,0,0,45,0,140,100,0,0,0,100,0,0,150,0,100,60,82,34,66,66,34,34,74,34,0,2,1,10,0,0,10,10,0,10,0,7,0,0,0,9,0,0,0,0,13
1,0,Bob,197,78,65,23,25,707,678,713,743,811,144,91,738,0,660,0,0,0,45,0,140,100,0,0,0,100,0,0,150,0,100,60,82,34,66,66,34,34,74,34,0,2,1,10,0,0,10,10,0,10,0,7,0,0,0,9,0,0,0,0,13
1,1,Marty,197,78,65,23,25,707,678,713,743,811,144,91,738,0,660,0,0,0,45,0,140,100,0,0,0,100,0,0,150,0,100,60,82,34,66,66,34,34,74,34,0,2,1,10,0,0,10,10,0,10,0,7,0,0,0,9,0,0,0,0,13
1,2,Nel,197,78,65,23,25,707,678,713,743,811,144,91,738,0,660,0,0,0,45,0,140,100,0,0,0,100,0,0,150,0,100,60,82,34,66,66,34,34,74,34,0,2,1,10,0,0,10,10,0,10,0,7,0,0,0,9,0,0,0,0,13
1,3,Mal,197,78,65,23,25,707,678,713,743,811,144,91,738,0,660,0,0,0,45,0,140,100,0,0,0,100,0,0,150,0,100,60,82,34,66,66,34,34,74,34,0,2,1,10,0,0,10,10,0,10,0,7,0,0,0,9,0,0,0,0,13
1,4,Pete,197,78,65,23,25,707,678,713,743,811,144,91,738,0,660,0,0,0,45,0,140,100,0,0,0,100,0,0,150,0,100,60,82,34,66,66,34,34,74,34,0,2,1,10,0,0,10,10,0,10,0,7,0,0,0,9,0,0,0,0,13
2,0,Baltimore & Ohio,197,180,65,23,93,701,840,713,738,919,4,91,738,0,660,0,0,0,45,0,170,100,0,0,0,100,0,0,150,0,110,55,82,34,66,60,34,34,74,34,0,2,1,10,0,0,10,10,0,10,0,7,0,0,0,9,0,0,0,0,14
2,1,Chesapeake & Ohio,197,180,72,23,95,701,840,783,738,939,4,91,544,0,660,0,0,0,45,0,170,100,10,0,0,100,0,0,150,0,110,55,91,34,66,60,34,34,74,34,0,2,1,10,0,0,10,10,0,10,0,7,0,0,0,9,0,0,0,0,15
2,2,Pennsylvania,299,180,89,23,146,851,840,808,738,1014,4,91,544,0,660,0,0,0,45,0,170,100,10,0,0,100,0,0,170,0,110,55,91,34,66,60,34,34,82,34,0,2,1,10,0,0,10,10,0,10,0,7,0,0,0,9,0,0,0,0,15
2,3,Erie,299,180,89,83,146,851,840,808,878,1014,4,91,544,0,465,0,0,0,45,0,170,100,10,0,60,100,0,0,170,0,110,55,91,34,74,60,34,34,82,34,0,2,1,10,0,0,10,10,0,10,0,7,0,0,0,9,0,0,0,0,16
2,4,New York Central,299,180,89,83,146,851,840,808,878,1014,4,91,544,0,465,100,0,0,45,0,170,100,10,0,60,100,0,0,170,0,110,55,91,34,74,60,34,34,82,34,0,2,1,10,0,0,10,10,0,10,0,7,0,0,0,9,0,0,0,0,16
2,5,Boston & Maine,299,180,89,83,146,851,840,808,878,1014,4,191,544,0,465,100,0,0,45,0,170,100,10,0,60,100,0,0,170,0,110,55,91,34,74,60,34,34,82,34,0,2,1,10,0,0,10,10,0,10,0,7,0,0,0,9,0,0,0,0,16
3,0,Baltimore & Ohio,299,180,89,83,146,851,840,808,878,1014,174,191,544,0,465,100,0,0,45,0,170,100,10,0,60,100,0,0,170,0,110,55,91,34,74,60,34,34,82,34,0,2,1,10,0,0,10,10,0,10,0,7,0,0,0,9,0,0,0,0,16
3,1,Chesapeake & Ohio,299,180,180,83,172,851,840,962,878,1058,174,191,167,0,465,100,0,0,45,0,170,100,130,0,60,100,0,0,170,0,110,55,100,34,74,60,34,34,82,34,0,2,1,10,0,0,10,10,0,10,0,7,0,0,0,9,0,0,0,0,17
3,2,Pennsylvania,431,180,202,83,238,1037,840,993,878,1151,174,191,167,0,465,100,0,0,35,0,170,100,130,0,60,100,0,0,220,0,110,55,100,34,74,60,34,34,91,34,0,2,1,10,0,0,10,10,0,10,0,7,0,0,0,9,0,0,0,0,17
3,3,Erie,431,180,202,183,238,1037,840,993,1058,1151,174,191,167,0,375,100,0,0,35,0,170,100,130,0,100,100,0,0,220,0,110,55,100,34,82,60,34,34,91,34,0,2,1,10,0,0,10,10,0,10,0,7,0,0,0,9,0,0,0,0,17
3,4,New York Central,431,180,202,183,238,1037,840,993,1058,1151,174,191,167,0,375,200,0,0,35,0,170,100,130,0,100,100,0,0,220,0,110,55,100,34,82,60,34,34,91,34,0,2,1,10,0,0,10,10,0,10,0,7,0,0,0,9,0,0,0,0,17
3,5,Boston & Maine,431,180,202,183,238,1037,840,993,1058,1151,174,291,167,0,375,200,0,0,35,0,170,100,130,0,100,100,0,0,220,0,110,55,100,34,82,60,34,34,91,34,0,2,1,10,0,0,10,10,0,10,0,7,0,0,0,9,0,0,0,0,17
1,0,Bob,431,180,202,183,238,1037,840,993,1058,1151,174,291,167,0,375,200,0,0,35,0,170,100,130,0,100,100,0,0,220,0,110,55,100,34,82,60,34,34,91,34,0,2,1,10,0,0,10,10,0,10,0,7,0,0,0,9,0,0,0,0,17
1,1,Marty,431,180,202,83,238,1037,840,993,1058,1151,174,291,267,0,375,200,0,0,35,0,170,100,130,0,100,100,0,0,220,0,110,55,100,34,82,60,34,34,91,34,0,2,0,10,0,0,10,10,0,10,0,7,0,0,0,9,0,0,0,0,17
1,2,Nel,431,180,53,83,238,983,840,993,1058,1124,174,291,267,0,375,200,0,0,35,0,170,100,130,0,100,100,0,0,220,0,110,55,100,34,82,60,34,34,82,34,0,2,0,10,0,0,10,10,0,10,0,7,0,0,0,5,0,0,1,0,17
1,3,Mal,431,180,53,83,14,935,780,993,1058,1124,174,291,267,0,375,200,910,0,35,0,170,100,130,0,100,100,0,0,220,0,100,55,100,34,82,60,91,34,74,34,0,2,0,10,0,0,0,10,0,10,4,7,0,0,0,5,0,0,4,0,17
1,4,Pete,135,180,53,83,14,935,780,993,1058,1124,174,291,267,0,375,200,910,0,35,0,170,100,130,0,100,100,0,0,220,0,100,55,100,34,82,60,91,34,74,34,0,2,0,10,0,0,0,10,0,10,4,7,0,0,0,5,0,0,0,0,17
1,0,Bob,135,80,53,83,14,935,780,993,1058,1124,174,291,267,0,375,200,910,0,35,0,170,100,130,0,100,100,0,0,220,0,100,55,100,34,82,60,91,34,74,34,0,2,0,10,0,0,0,10,0,10,3,7,0,0,0,5,0,0,0,0,17
1,1,Marty,135,80,53,23,14,935,780,993,1058,1124,174,291,267,0,375,200,910,0,35,0,170,100,130,0,100,100,0,0,220,0,100,55,100,34,82,60,91,34,74,34,0,2,0,10,0,0,0,10,0,10,3,7,0,0,0,4,0,0,0,0,17
1,2,Nel,135,80,53,23,14,935,780,993,1058,1124,174,291,267,0,375,200,910,0,35,0,170,100,130,0,100,100,0,0,220,0,100,55,100,34,82,60,91,34,74,34,0,2,0,10,0,0,0,10,0,10,3,7,0,0,0,4,0,0,0,0,17
1,3,Mal,135,80,53,23,14,935,780,993,1058,1124,174,291,267,0,375,200,910,0,35,0,170,100,130,0,100,100,0,0,220,0,100,55,100,34,82,60,91,34,74,34,0,2,0,10,0,0,0,10,0,10,3,7,0,0,0,4,0,0,0,0,17
1,4,Pete,15,80,53,23,14,935,780,993,1058,1124,174,291,267,0,375,200,910,0,35,0,170,100,130,0,100,100,0,0,220,0,100,55,100,34,82,60,91,34,74,34,0,2,0,10,0,0,0,10,0,10,3,7,0,0,0,2,0,0,0,0,17
1,0,Bob,15,20,53,23,14,935,780,993,1058,1124,174,291,267,0,375,200,910,0,35,0,170,100,130,0,100,100,0,0,220,0,100,55,100,34,82,60,91,34,74,34,0,2,0,10,0,0,0,10,0,10,3,7,0,0,0,1,0,0,0,0,17
1,1,Marty,15,20,53,23,14,935,780,993,1058,1124,174,291,267,0,375,200,910,0,35,0,170,100,130,0,100,100,0,0,220,0,100,55,100,34,82,60,91,34,74,34,0,2,0,10,0,0,0,10,0,10,3,7,0,0,0,1,0,0,0,0,17
1,2,Nel,15,20,53,23,14,935,780,993,1058,1124,174,291,267,0,375,140,910,0,35,0,170,100,130,0,100,100,0,0,220,0,100,55,100,34,82,60,91,34,74,34,0,2,0,10,0,1,0,10,0,10,3,7,0,0,0,0,0,0,0,0,17
1,3,Mal,15,20,53,23,14,935,780,993,1058,1124,174,291,267,0,375,140,910,0,35,0,170,100,130,0,100,100,0,0,220,0,100,55,100,34,82,60,91,34,74,34,0,2,0,10,0,1,0,10,0,10,3,7,0,0,0,0,0,0,0,0,17
1,4,Pete,15,20,53,23,14,935,780,993,1058,1124,174,291,267,0,375,140,910,0,35,0,170,100,130,0,100,100,0,0,220,0,100,55,100,34,82,60,91,34,74,34,0,2,0,10,0,1,0,10,0,10,3,7,0,0,0,0,0,0,0,0,17
1,0,Bob,15,20,53,23,14,935,780,993,1058,1124,174,291,267,0,375,140,910,0,35,0,170,100,130,0,100,100,0,0,220,0,100,55,100,34,82,60,91,34,74,34,0,2,0,10,0,1,0,10,0,10,3,7,0,0,0,0,0,0,0,0,17
1,1,Marty,15,20,53,23,14,935,780,993,1058,1124,174,291,267,0,375,140,910,0,35,0,170,100,130,0,100,100,0,0,220,0,100,55,100,34,82,60,91,34,74,34,0,2,0,10,0,1,0,10,0,10,3,7,0,0,0,0,0,0,0,0,17
1,2,Nel,15,20,53,23,14,935,780,993,1058,1124,174,291,267,0,375,140,910,0,35,0,170,100,130,0,100,100,0,0,220,0,100,55,100,34,82,60,91,34,74,34,0,2,0,10,0,1,0,10,0,10,3,7,0,0,0,0,0,0,0,0,17
1,3,Mal,15,20,53,23,14,935,780,993,1058,1124,174,291,267,0,375,140,910,0,35,0,170,100,130,0,100,100,0,0,220,0,100,55,100,34,82,60,91,34,74,34,0,2,0,10,0,1,0,10,0,10,3,7,0,0,0,0,0,0,0,0,17
1,4,Pete,15,20,53,23,14,935,780,993,1058,1124,174,291,267,0,375,140,910,0,35,0,170,100,130,0,100,100,0,0,220,0,100,55,100,34,82,60,91,34,74,34,0,2,0,10,0,1,0,10,0,10,3,7,0,0,0,0,0,0,0,0,17
2,0,Chesapeake & Ohio,15,20,172,40,48,935,717,1182,1080,1178,174,291,7,0,375,140,910,0,35,0,170,100,170,0,100,100,0,0,220,0,91,50,110,34,82,60,91,34,74,34,0,2,0,10,0,1,0,10,0,10,3,7,0,0,0,0,0,0,0,0,17
2,1,Baltimore & Ohio,15,174,172,40,48,935,934,1182,1080,1178,124,291,7,0,375,140,910,0,35,0,220,100,170,0,100,100,0,0,220,0,100,50,110,34,82,60,91,34,74,34,0,2,0,10,0,1,0,10,0,10,3,7,0,0,0,0,0,0,0,0,17
2,2,Nickel Plate,15,174,172,40,108,935,934,1182,1080,1328,124,291,7,0,375,140,610,0,35,0,220,100,170,0,100,100,60,0,220,0,100,50,110,34,82,60,100,34,74,34,0,2,0,10,0,1,0,10,0,10,3,7,0,0,0,0,0,0,0,0,18
2,3,Erie,15,174,172,260,108,935,934,1182,1390,1328,124,291,7,0,105,140,610,0,35,0,220,100,170,0,220,100,60,0,220,0,100,50,110,34,91,60,100,34,74,34,0,2,0,10,0,1,0,10,0,10,3,7,0,0,0,0,0,0,0,0,19
2,4,Pennsylvania,15,174,172,260,108,935,934,1182,1390,1328,124,291,7,0,105,140,610,0,255,0,220,100,170,0,220,100,60,0,220,0,100,50,110,34,91,60,100,34,74,34,0,2,0,10,0,1,0,10,0,10,3,7,0,0,0,0,0,0,0,0,19
2,5,New York Central,15,174,172,260,108,935,934,1182,1390,1328,124,291,7,0,105,230,610,0,255,0,220,100,170,0,220,130,60,0,220,0,100,50,110,34,91,60,100,34,74,34,0,2,0,10,0,1,0,10,0,10,3,7,0,0,0,0,0,0,0,0,19
2,6,Boston & Maine,15,174,172,260,108,935,934,1182,1390,1328,124,391,7,0,105,230,610,0,255,0,220,100,170,0,220,130,60,0,220,0,100,50,110,34,91,60,100,34,74,34,0,2,0,10,0,1,0,10,0,10,3,7,0,0,0,0,0,0,0,0,19
3,0,Chesapeake & Ohio,15,174,319,281,150,935,934,1406,1422,1392,124,391,7,0,105,230,610,0,255,0,220,100,210,0,220,130,60,0,220,0,100,50,121,34,91,60,100,34,74,34,0,2,0,10,0,1,0,10,0,10,3,7,0,0,0,0,0,0,0,0,19
3,1,Baltimore & Ohio,15,174,319,281,150,935,934,1406,1422,1392,344,391,7,0,105,230,610,0,255,0,220,100,210,0,220,130,60,0,220,0,100,50,121,34,91,60,100,34,74,34,0,2,0,10,0,1,0,10,0,10,3,7,0,0,0,0,0,0,0,0,19
3,2,Nickel Plate,15,174,319,281,250,935,934,1406,1422,1592,344,391,7,0,105,230,610,0,255,0,220,100,210,0,220,130,100,0,220,0,100,50,121,34,91,60,110,34,74,34,0,2,0,10,0,1,0,10,0,10,3,7,0,0,0,0,0,0,0,0,19
3,3,Erie,15,174,319,521,250,935,934,1406,1752,1592,344,391,7,0,45,230,610,0,255,0,220,100,210,0,240,130,100,0,220,0,100,50,121,34,100,60,110,34,74,34,0,2,0,10,0,1,0,10,0,10,3,7,0,0,0,0,0,0,0,0,19
3,4,Pennsylvania,335,174,319,521,250,1335,934,1406,1752,1592,344,391,7,0,45,230,610,0,55,0,220,100,210,0,240,130,100,0,320,0,100,50,121,34,100,60,110,34,82,34,0,2,0,10,0,1,0,10,0,10,3,7,0,0,0,0,0,0,0,0,20
3,5,New York Central,410,199,419,546,250,1428,965,1530,1783,1592,344,391,7,0,45,25,610,0,55,0,220,100,210,0,240,250,100,0,320,0,100,50,121,34,100,66,110,34,82,34,0,2,0,10,0,1,0,10,0,10,3,7,0,0,0,0,0,0,0,0,21
3,6,Boston & Maine,410,199,419,546,250,1428,965,1530,1783,1592,344,491,7,0,45,25,610,0,55,0,220,100,210,0,240,250,100,0,320,0,100,50,121,34,100,66,110,34,82,34,0,2,0,10,0,1,0,10,0,10,3,7,0,0,0,0,0,0,0,0,21
1,0,Bob,410,65,419,546,250,1410,965,1506,1777,1592,344,491,7,0,45,25,610,0,55,0,220,100,210,0,240,250,100,0,320,0,100,50,121,34,100,60,110,34,82,34,0,2,0,10,0,1,0,10,0,10,1,7,0,0,0,1,0,0,0,0,21
1,1,Mal,410,65,419,546,37,1410,965,1429,1766,1592,344,491,7,455,45,25,610,0,55,0,220,100,210,0,240,250,100,0,320,0,100,50,110,91,100,60,110,34,82,34,0,2,0,5,0,1,0,10,0,10,1,7,2,0,0,1,0,0,0,0,21
1,2,Pete,290,65,419,546,37,1410,965,1429,1766,1592,344,491,7,455,45,85,610,0,55,0,220,100,210,0,240,250,100,0,320,0,100,50,110,91,100,60,110,34,82,34,0,2,0,5,0,0,0,10,0,10,1,7,2,0,0,0,0,0,0,0,21
1,3,Nel,290,65,369,546,37,1410,965,1429,1756,1592,344,491,7,455,45,85,610,0,55,820,220,100,210,0,240,250,100,0,320,0,100,50,100,91,100,60,110,34,82,82,0,2,0,5,0,0,0,10,0,0,1,7,9,0,0,0,0,0,0,0,21
1,4,Marty,290,65,369,6,37,1385,965,1409,1756,1592,344,491,7,455,45,85,610,0,55,820,220,100,210,0,240,250,100,0,320,0,100,50,100,91,100,55,110,34,82,82,0,2,0,5,0,0,0,10,0,0,1,7,3,0,0,1,0,0,0,0,21
1,0,Bob,290,65,369,6,37,1385,965,1409,1756,1592,244,491,7,455,45,85,610,0,55,820,220,100,210,0,240,250,100,0,320,0,100,50,100,91,100,55,110,34,82,82,1,2,0,5,0,0,0,10,0,0,0,7,3,0,0,1,0,0,0,0,21
1,1,Mal,290,65,369,6,37,1385,965,1409,1756,1592,244,491,7,455,45,85,610,0,55,820,220,100,210,0,240,250,100,0,320,0,100,50,100,91,100,55,110,34,82,82,1,2,0,5,0,0,0,10,0,0,0,7,3,0,0,1,0,0,0,0,21
1,2,Pete,235,65,369,6,37,1385,965,1409,1756,1592,244,491,7,455,45,85,610,0,55,820,220,100,210,0,240,250,100,0,320,0,100,50,100,91,100,55,110,34,82,82,1,2,0,5,0,0,0,10,0,0,0,7,3,0,0,0,0,0,0,0,21
1,3,Nel,235,65,96,6,37,1385,965,1409,1756,1592,244,491,7,728,45,85,610,0,55,820,220,100,210,0,240,250,100,0,320,0,100,50,100,91,100,55,110,34,82,82,1,2,0,2,0,0,0,10,0,0,0,7,3,0,0,0,0,0,0,0,21
1,4,Marty,235,65,96,6,37,1385,965,1409,1756,1592,244,491,7,728,45,85,610,0,55,820,220,100,210,0,240,250,100,0,320,0,100,50,100,91,100,55,110,34,82,82,1,2,0,2,0,0,0,10,0,0,0,7,3,0,0,0,0,0,0,0,21
1,0,Bob,235,65,96,6,37,1385,965,1409,1756,1592,244,491,7,728,45,85,610,0,55,820,220,100,210,0,240,250,100,0,320,0,100,50,100,91,100,55,110,34,82,82,1,2,0,2,0,0,0,10,0,0,0,7,3,0,0,0,0,0,0,0,21
1,1,Mal,235,65,96,6,37,1385,965,1409,1756,1592,244,491,7,728,45,85,610,0,55,820,220,100,210,0,240,250,100,0,320,0,100,50,100,91,100,55,110,34,82,82,1,2,0,2,0,0,0,10,0,0,0,7,3,0,0,0,0,0,0,0,21
1,2,Pete,135,65,96,6,37,1385,965,1409,1756,1592,344,491,7,728,45,85,610,0,55,820,220,100,210,0,240,250,100,0,320,0,100,50,100,91,100,55,110,34,82,82,0,2,0,2,0,0,0,10,0,0,0,7,3,0,0,0,0,0,0,0,21
1,3,Nel,135,65,5,6,37,1385,965,1409,1756,1592,344,491,7,819,45,85,610,0,55,820,220,100,210,0,240,250,100,0,320,0,100,50,100,91,100,55,110,34,82,82,0,2,0,1,0,0,0,10,0,0,0,7,3,0,0,0,0,0,0,0,21
1,4,Marty,135,65,5,6,37,1385,965,1409,1756,1592,344,491,7,819,45,85,610,0,55,820,220,100,210,0,240,250,100,0,320,0,100,50,100,91,100,55,110,34,82,82,0,2,0,1,0,0,0,10,0,0,0,7,3,0,0,0,0,0,0,0,21
1,0,Bob,135,65,5,6,37,1385,965,1409,1756,1592,344,491,7,819,45,85,610,0,55,820,220,100,210,0,240,250,100,0,320,0,100,50,100,91,100,55,110,34,82,82,0,2,0,1,0,0,0,10,0,0,0,7,3,0,0,0,0,0,0,0,21
1,1,Mal,135,65,5,6,37,1385,965,1409,1756,1592,344,491,7,819,45,85,610,0,55,820,220,100,210,0,240,250,100,0,320,0,100,50,100,91,100,55,110,34,82,82,0,2,0,1,0,0,0,10,0,0,0,7,3,0,0,0,0,0,0,0,21
1,2,Pete,44,65,5,6,37,1385,965,1409,1756,1592,344,491,7,910,45,85,610,0,55,820,220,100,210,0,240,250,100,0,320,0,100,50,100,91,100,55,110,34,82,82,0,2,0,0,0,0,0,10,0,0,0,7,3,0,0,0,0,0,0,0,21
1,3,Nel,44,65,5,6,37,1385,965,1409,1756,1592,344,491,7,910,45,85,610,0,55,820,220,100,210,0,240,250,100,0,320,0,100,50,100,91,100,55,110,34,82,82,0,2,0,0,0,0,0,10,0,0,0,7,3,0,0,0,0,0,0,0,21
1,4,Marty,44,65,5,6,37,1385,965,1409,1756,1592,344,491,7,910,45,85,610,0,55,820,220,100,210,0,240,250,100,0,320,0,100,50,100,91,100,55,110,34,82,82,0,2,0,0,0,0,0,10,0,0,0,7,3,0,0,0,0,0,0,0,21
1,4,Marty,44,65,5,6,37,1385,965,1409,1756,1592,344,141,7,910,45,85,610,0,55,820,220,100,210,0,240,250,100,0,320,0,100,50,100,91,100,55,110,34,82,82,0,9,0,0,0,0,0,10,0,0,0,0,3,0,0,0,0,0,0,0,21
1,0,Bob,44,65,5,6,37,1385,965,1409,1756,1592,344,141,7,910,45,85,610,0,55,820,220,100,210,0,240,250,100,0,320,0,100,50,100,91,100,55,110,34,82,82,0,9,0,0,0,0,0,10,0,0,0,0,3,0,0,0,0,0,0,0,21
1,1,Mal,44,65,5,6,37,1385,965,1409,1756,1592,344,141,7,910,45,85,610,0,55,820,220,100,210,0,240,250,100,0,320,0,100,50,100,91,100,55,110,34,82,82,0,9,0,0,0,0,0,10,0,0,0,0,3,0,0,0,0,0,0,0,21
1,2,Pete,44,65,5,6,37,1385,965,1409,1756,1592,344,141,7,910,45,85,610,0,55,820,220,100,210,0,240,250,100,0,320,0,100,50,100,91,100,55,110,34,82,82,0,9,0,0,0,0,0,10,0,0,0,0,3,0,0,0,0,0,0,0,21
1,3,Nel,44,65,5,6,37,1385,965,1409,1756,1592,344,141,7,910,45,85,610,0,55,820,220,100,210,0,240,250,100,0,320,0,100,50,100,91,100,55,110,34,82,82,0,9,0,0,0,0,0,10,0,0,0,0,3,0,0,0,0,0,0,0,21
1,4,Marty,44,65,5,6,37,1385,965,1409,1756,1592,344,141,7,910,45,85,610,0,55,820,220,100,210,0,240,250,100,0,320,0,100,50,100,91,100,55,110,34,82,82,0,9,0,0,0,0,0,10,0,0,0,0,3,0,0,0,0,0,0,0,21
2,0,Nickel Plate,44,65,5,6,307,1385,965,1409,1693,1972,344,141,7,910,45,85,310,0,55,820,220,100,210,0,240,250,270,0,320,0,100,50,91,91,100,55,121,34,82,82,0,9,0,0,0,0,0,10,0,0,0,0,3,0,0,0,0,0,0,0,22
2,1,Baltimore & Ohio,78,371,5,6,307,1429,1361,1409,1693,1972,49,141,7,910,45,85,310,0,55,820,340,100,210,0,240,250,270,0,320,0,110,50,91,91,100,55,121,34,82,82,0,9,0,0,0,0,0,10,0,0,0,0,3,0,0,0,0,0,0,0,23
2,1,Baltimore & Ohio,78,371,5,6,307,1429,1361,1409,1693,1972,39,141,7,910,45,85,310,0,55,820,340,100,210,0,240,250,270,0,320,0,110,50,91,91,100,55,121,34,82,82,0,9,0,0,0,0,0,10,0,0,0,0,3,0,0,0,0,0,0,0,23
2,2,Erie,78,371,5,276,307,1429,1361,1409,2063,1972,39,141,7,910,25,85,310,0,55,820,340,100,210,0,270,250,270,0,320,0,110,50,91,91,110,55,121,34,82,82,0,9,0,0,0,0,0,10,0,0,0,0,3,0,0,0,0,0,0,0,23
2,3,Chesapeake & Ohio,78,371,5,451,307,1429,1361,1409,2301,1972,39,141,7,910,25,85,310,0,55,820,340,100,250,0,270,250,270,0,320,0,110,50,100,91,110,55,121,34,82,82,0,9,0,0,0,0,0,10,0,0,0,0,3,0,0,0,0,0,0,0,23
2,4,Illinois Central,91,371,57,451,372,1451,1361,1497,2301,2082,39,141,7,520,25,85,310,0,55,820,340,100,250,130,270,250,270,0,320,0,110,50,100,100,110,55,121,34,82,82,0,9,0,0,0,0,0,10,0,0,0,0,3,0,0,0,0,0,0,0,24
2,5,Pennsylvania,471,371,57,451,372,1921,1361,1497,2301,2082,39,141,7,520,25,85,310,0,55,820,340,100,250,130,270,250,270,0,380,0,110,50,100,100,110,55,121,34,91,82,0,9,0,0,0,0,0,10,0,0,0,0,3,0,0,0,0,0,0,0,24
2,6,Wabash,471,371,197,451,372,1921,1361,1727,2301,2082,39,141,7,520,25,85,310,0,55,415,340,100,250,130,270,250,270,0,380,140,110,50,100,100,110,55,121,34,91,91,0,9,0,0,0,0,0,10,0,0,0,0,3,0,0,0,0,0,0,0,25
2,7,New York Central,669,371,329,451,372,2149,1361,1879,2301,2082,39,141,7,520,25,25,310,0,55,415,340,100,250,130,270,330,270,0,380,140,110,50,100,100,110,60,121,34,91,91,0,9,0,0,0,0,0,10,0,0,0,0,3,0,0,0,0,0,0,0,25
2,8,Boston & Maine,669,371,329,462,372,2149,1361,1879,2317,2082,39,240,7,520,25,25,310,0,55,415,340,110,250,130,270,330,270,0,380,140,110,55,100,100,110,60,121,34,91,91,0,9,0,0,0,0,0,10,0,0,0,0,3,0,0,0,0,0,0,0,25
2,7,New York Central,663,371,325,451,372,2143,1361,1875,2301,2082,39,141,7,520,25,25,310,0,55,415,340,100,250,130,270,320,270,0,380,140,110,50,100,100,110,60,121,34,91,91,0,9,0,0,0,0,0,10,0,0,0,0,3,0,0,0,0,0,0,0,25
2,8,Boston & Maine,663,371,325,462,372,2143,1361,1875,2317,2082,39,240,7,520,25,25,310,0,55,415,340,110,250,130,270,320,270,0,380,140,110,55,100,100,110,60,121,34,91,91,0,9,0,0,0,0,0,10,0,0,0,0,3,0,0,0,0,0,0,0,25
3,0,Nickel Plate,663,371,325,462,642,2143,1361,1875,2317,2352,39,240,7,520,25,25,310,0,55,415,340,110,250,130,270,320,270,0,380,140,110,55,100,100,110,60,121,34,91,91,0,9,0,0,0,0,0,10,0,0,0,0,3,0,0,0,0,0,0,0,25
3,1,Baltimore & Ohio,698,686,325,462,642,2189,1775,1875,2317,2352,39,240,7,520,25,25,310,0,55,415,350,110,250,130,270,320,270,0,380,140,121,55,100,100,110,60,121,34,91,91,0,9,0,0,0,0,0,10,0,0,0,0,3,0,0,0,0,0,0,0,25
3,2,Erie,698,686,325,742,642,2189,1775,1875,2707,2352,39,240,7,520,25,25,310,0,55,415,350,110,250,130,280,320,270,0,380,140,121,55,100,100,121,60,121,34,91,91,0,9,0,0,0,0,0,10,0,0,0,0,3,0,0,0,0,0,0,0,25
3,3,Chesapeake & Ohio,698,686,325,742,642,2189,1775,1875,2707,2352,39,240,257,520,25,25,310,0,55,415,350,110,250,130,280,320,270,0,380,140,121,55,100,100,121,60,121,34,91,91,0,9,0,0,0,0,0,10,0,0,0,0,3,0,0,0,0,0,0,0,25
3,4,Illinois Central,721,686,417,742,757,2222,1775,2007,2707,2517,39,240,257,460,25,25,310,0,55,415,350,110,250,230,280,320,270,0,380,140,121,55,100,110,121,60,121,34,91,91,0,9,0,0,0,0,0,10,0,0,0,0,3,0,0,0,0,0,0,0,25
3,5,Pennsylvania,1121,686,417,742,757,2712,1775,2007,2707,2517,39,240,257,460,25,25,310,0,55,415,350,110,250,230,280,320,270,0,400,140,121,55,100,110,121,60,121,34,100,91,0,9,0,0,0,0,0,10,0,0,0,0,3,0,0,0,0,0,0,0,25
3,6,Wabash,1121,686,587,742,757,2712,1775,2267,2707,2517,39,240,257,460,25,25,310,0,55,355,350,110,250,230,280,320,270,0,400,170,121,55,100,110,121,60,121,34,100,100,0,9,0,0,0,0,0,10,0,0,0,0,3,0,0,0,0,0,0,0,25
3,7,New York Central,1319,686,719,742,757,2946,1775,2423,2707,2517,39,240,257,460,25,25,310,0,55,355,350,110,250,230,280,330,270,0,400,170,121,55,100,110,121,66,121,34,100,100,0,9,0,0,0,0,0,10,0,0,0,0,3,0,0,0,0,0,0,0,25
3,8,Boston & Maine,1319,686,719,753,757,2946,1775,2423,2718,2517,39,339,257,460,25,25,310,0,55,355,350,110,250,230,280,330,270,0,400,170,121,55,100,110,121,66,121,34,100,100,0,9,0,0,0,0,0,10,0,0,0,0,3,0,0,0,0,0,0,0,25
1,0,Bob,1319,191,719,753,757,2946,1775,2423,2718,2517,39,834,257,460,25,25,310,0,55,355,350,110,250,230,280,330,270,0,400,170,121,55,100,110,121,66,121,34,100,100,0,0,0,0,0,0,0,10,0,0,0,0,3,0,0,0,0,0,0,0,25
1,1,Nel,1319,191,419,753,757,2946,1775,2423,2718,2517,39,834,257,460,25,25,310,0,55,355,350,110,250,230,280,330,270,0,400,170,121,55,100,110,121,66,121,34,100,100,0,0,0,0,0,0,0,10,0,0,0,0,0,0,0,0,0,0,0,0,25
1,2,Marty,1319,191,419,15,757,2946,1775,2423,2718,2517,39,834,257,460,25,25,310,738,55,355,350,110,250,230,280,330,270,0,400,170,121,55,100,110,121,66,121,82,100,100,0,0,0,0,0,0,0,1,0,0,0,0,0,0,0,0,0,0,0,0,25
1,3,Mal,1319,191,419,15,675,2946,1775,2423,2718,2517,39,834,257,460,25,25,310,820,55,355,350,110,250,230,280,330,270,0,400,170,121,55,100,110,121,66,121,82,100,100,0,0,0,0,0,0,0,0,0,0,0,0,0,0,0,0,0,0,0,0,25
1,4,Pete,1319,191,419,15,675,2946,1775,2423,2718,2517,39,834,257,460,25,25,310,820,55,355,350,110,250,230,280,330,270,0,400,170,121,55,100,110,121,66,121,82,100,100,0,0,0,0,0,0,0,0,0,0,0,0,0,0,0,0,0,0,0,0,25
1,0,Bob,1319,191,419,15,675,2946,1775,2423,2718,2517,39,834,257,460,25,25,310,820,55,355,350,110,250,230,280,330,270,0,400,170,121,55,100,110,121,66,121,82,100,100,0,0,0,0,0,0,0,0,0,0,0,0,0,0,0,0,0,0,0,0,25
1,1,Nel,1319,191,419,15,675,2946,1775,2423,2718,2517,39,834,257,460,25,25,310,820,55,355,350,110,250,230,280,330,270,0,400,170,121,55,100,110,121,66,121,82,100,100,0,0,0,0,0,0,0,0,0,0,0,0,0,0,0,0,0,0,0,0,25
1,2,Marty,1319,191,419,15,675,2946,1775,2423,2718,2517,39,834,257,460,25,25,310,820,55,355,350,110,250,230,280,330,270,0,400,170,121,55,100,110,121,66,121,82,100,100,0,0,0,0,0,0,0,0,0,0,0,0,0,0,0,0,0,0,0,0,25
1,3,Mal,1319,191,419,15,675,2946,1775,2423,2718,2517,39,834,257,460,25,25,310,820,55,355,350,110,250,230,280,330,270,0,400,170,121,55,100,110,121,66,121,82,100,100,0,0,0,0,0,0,0,0,0,0,0,0,0,0,0,0,0,0,0,0,25
1,4,Pete,1319,191,419,15,675,2946,1775,2423,2718,2517,39,834,257,460,25,25,310,820,55,355,350,110,250,230,280,330,270,0,400,170,121,55,100,110,121,66,121,82,100,100,0,0,0,0,0,0,0,0,0,0,0,0,0,0,0,0,0,0,0,0,25
2,0,Nickel Plate,1319,191,419,15,945,2946,1775,2423,2718,2787,39,834,257,460,25,25,310,820,55,355,350,110,250,230,280,330,270,0,400,170,121,55,100,110,121,66,121,82,100,100,0,0,0,0,0,0,0,0,0,0,0,0,0,0,0,0,0,0,0,0,25
2,1,Baltimore & Ohio,1355,515,419,15,945,2994,2207,2423,2718,2787,39,834,257,460,25,25,310,820,55,355,360,110,250,230,280,330,270,0,400,170,133,55,100,110,121,66,121,82,100,100,0,0,0,0,0,0,0,0,0,0,0,0,0,0,0,0,0,0,0,0,25
2,2,Erie,1355,515,419,305,945,2994,2207,2423,3128,2787,39,834,257,460,25,25,310,820,55,355,360,110,250,230,290,330,270,0,400,170,133,55,100,110,133,66,121,82,100,100,0,0,0,0,0,0,0,0,0,0,0,0,0,0,0,0,0,0,0,0,25
2,3,Illinois Central,1379,515,515,305,1065,3029,2207,2563,3128,2962,39,834,257,440,25,25,310,820,55,355,360,110,250,240,290,330,270,0,400,170,133,55,100,121,133,66,121,82,100,100,0,0,0,0,0,0,0,0,0,0,0,0,0,0,0,0,0,0,0,0,25
2,4,Chesapeake & Ohio,1379,515,614,536,1065,3029,2207,2692,3429,2962,39,834,7,440,25,25,310,820,55,355,360,110,330,240,290,330,270,0,400,170,133,55,110,121,133,66,121,82,100,100,0,0,0,0,0,0,0,0,0,0,0,0,0,0,0,0,0,0,0,0,26
2,5,Pennsylvania,1779,515,614,536,1065,3429,2207,2692,3429,2962,39,834,7,440,25,25,310,820,55,355,360,110,330,240,290,330,270,0,400,170,133,55,110,121,133,66,121,82,100,100,0,0,0,0,0,0,0,0,0,0,0,0,0,0,0,0,0,0,0,0,26
2,6,Wabash,1779,515,784,536,1065,3429,2207,2862,3429,2962,39,834,7,440,25,25,310,820,55,355,360,110,330,240,290,330,270,0,400,170,133,55,110,121,133,66,121,82,100,100,0,0,0,0,0,0,0,0,0,0,0,0,0,0,0,0,0,0,0,0,26
2,7,New York New Haven & Hartford,1779,515,784,617,1074,3429,2207,2862,3591,2980,39,834,7,440,25,25,310,240,55,355,360,110,330,240,290,330,270,90,400,170,133,55,110,121,133,66,121,91,100,100,0,0,0,0,0,0,0,0,0,0,0,0,0,0,0,0,0,0,0,0,27
2,8,New York Central,1995,515,928,617,1074,3693,2207,3038,3591,2980,39,834,7,440,25,25,310,240,55,355,360,110,330,240,290,360,270,90,400,170,133,55,110,121,133,74,121,91,100,100,0,0,0,0,0,0,0,0,0,0,0,0,0,0,0,0,0,0,0,0,27
2,9,Boston & Maine,1995,686,928,636,1074,3693,2423,3038,3615,2980,39,424,7,440,25,25,310,240,55,355,360,190,330,240,290,360,270,90,400,170,133,60,110,121,133,74,121,91,100,100,0,0,0,0,0,0,0,0,0,0,0,0,0,0,0,0,0,0,0,0,28
3,0,Baltimore & Ohio,2034,1037,928,636,1074,3745,2891,3038,3615,2980,39,424,7,440,25,25,310,240,55,355,390,190,330,240,290,360,270,90,400,170,146,60,110,121,133,74,121,91,100,100,0,0,0,0,0,0,0,0,0,0,0,0,0,0,0,0,0,0,0,0,28
3,1,Erie,2034,1037,928,966,1074,3745,2891,3038,4075,2980,39,424,7,440,25,25,310,240,55,355,390,190,330,240,330,360,270,90,400,170,146,60,110,121,146,74,121,91,100,100,0,0,0,0,0,0,0,0,0,0,0,0,0,0,0,0,0,0,0,0,28
3,2,Nickel Plate,2034,1037,928,966,1374,3745,2891,3038,4075,3400,39,424,7,440,25,25,310,240,55,355,390,190,330,240,330,360,300,90,400,170,146,60,110,121,146,74,133,91,100,100,0,0,0,0,0,0,0,0,0,0,0,0,0,0,0,0,0,0,0,0,28
3,3,Illinois Central,2062,1037,1040,966,1514,3785,2891,3198,4075,3600,39,424,7,440,25,25,310,240,55,355,390,190,330,280,330,360,300,90,400,170,146,60,110,133,146,74,133,91,100,100,0,0,0,0,0,0,0,0,0,0,0,0,0,0,0,0,0,0,0,0,28
3,4,Chesapeake & Ohio,2062,1037,1154,1232,1514,3785,2891,3345,4418,3600,39,424,7,440,25,25,310,240,55,355,390,190,380,280,330,360,300,90,400,170,146,60,121,133,146,74,133,91,100,100,0,0,0,0,0,0,0,0,0,0,0,0,0,0,0,0,0,0,0,0,28
3,5,Pennsylvania,2502,1037,1154,1232,1514,4325,2891,3345,4418,3600,39,424,7,440,25,25,310,240,55,355,390,190,380,280,330,360,300,90,440,170,146,60,121,133,146,74,133,91,110,100,0,0,0,0,0,0,0,0,0,0,0,0,0,0,0,0,0,0,0,0,28
3,6,Wabash,2502,1037,1364,1232,1514,4325,2891,3655,4418,3600,39,424,7,440,25,25,310,240,55,355,390,190,380,280,330,360,300,90,440,210,146,60,121,133,146,74,133,91,110,110,0,0,0,0,0,0,0,0,0,0,0,0,0,0,0,0,0,0,0,0,28
3,7,New York New Haven & Hartford,2502,1037,1364,1358,1528,4325,2891,3655,4625,3623,39,424,7,440,25,25,310,240,55,355,390,190,380,280,330,360,300,140,440,210,146,60,121,133,146,74,133,100,110,110,0,0,0,0,0,0,0,0,0,0,0,0,0,0,0,0,0,0,0,0,28
3,8,New York Central,2724,1037,1512,1358,1528,4595,2891,3835,4625,3623,39,424,7,440,25,25,310,240,55,355,390,190,380,280,330,370,300,140,440,210,146,60,121,133,146,82,133,100,110,110,0,0,0,0,0,0,0,0,0,0,0,0,0,0,0,0,0,0,0,0,28
3,9,Boston & Maine,2724,1208,1512,1377,1528,4595,3062,3835,4644,3623,39,424,7,440,25,25,310,240,55,355,390,190,380,280,330,370,300,140,440,210,146,60,121,133,146,82,133,100,110,110,0,0,0,0,0,0,0,0,0,0,0,0,0,0,0,0,0,0,0,0,28
